Workbook
Name _____BVS1: #REF!
Name _____BVS2: #REF!
Name _____HSH1: #REF!
Name _____HSH2: #REF!
Name _____JS1: #REF!
Name _____JS2: #REF!
Name _____LS1: #REF!
Name _____LS2: #REF!
Name _____LS3: #REF!
Name _____LS4: #REF!
Name _____NP1: #REF!
Name _____NP2: #REF!
Name _____NS1: #REF!
Name _____NS2: #REF!
Name _____NS3: #REF!
Name _____NS4: #REF!
Name _____NSH1: #REF!
Name _____NSH2: #REF!
Name _____pa1: #REF!
Name _____pa2: #REF!
Name _____PE1: #REF!
Name _____PE10: #REF!
Name _____PE11: #REF!
Name _____PE12: #REF!
Name _____PE13: #REF!
Name _____PE14: #REF!
Name _____PE15: #REF!
Name _____PE16: #REF!
Name _____PE17: #REF!
Name _____PE18: #REF!
Name _____PE19: #REF!
Name _____PE2: #REF!
Name _____PE20: #REF!
Name _____PE21: #REF!
Name _____PE22: #REF!
Name _____PE23: #REF!
Name _____PE24: #REF!
Name _____PE25: #REF!
Name _____PE26: #REF!
Name _____PE27: #REF!
Name _____PE28: #REF!
Name _____PE29: #REF!
Name _____PE3: #REF!
Name _____PE30: #REF!
Name _____PE31: #REF!
Name _____PE32: #REF!
Name _____PE33: #REF!
Name _____PE34: #REF!
Name _____PE35: #REF!
Name _____PE36: #REF!
Name _____PE37: #REF!
Name _____PE38: #REF!
Name _____PE39: #REF!
Name _____PE4: #REF!
Name _____PE40: #REF!
Name _____PE41: #REF!
Name _____PE42: #REF!
Name _____PE43: #REF!
Name _____PE44: #REF!
Name _____PE45: #REF!

Sheet 표지
A8: 소프트웨어 산출 내역서
A9: 산림공간 디지털 플랫폼 구축 사업
A16: 2025.1
A31: ="설계금액 : "&NUMBERSTRING(A32,1)&"원 정" -> 설계금액 : 육십사억사천만원 정
A32: =총괄표!E16 -> 6440000000
A35: 산 림 청

Sheet 총괄표
B1: 산림공간 디지털 플랫폼 구축 사업 산출내역서
B3: 구분 | E3: 금액(원) | F3: 비고
B4: 응용 SW 개발 | C4: 1. 2D플랫폼 구축 | E4: ='1.2D플랫폼 구축'!K11:K11 -> 1.2266675e+09 | F4: 1단계
C5: 2. 3D플랫폼 구축(제작및관리(CS)포함) | E5: ='3D플랫폼 구축(제작및관리(CS)포함)'!K11 -> 1.4512722e+09 | F5: 1 ~ 2단계
C6: 3. 플랫폼 운영관리 | E6: ='3.플랫폼 운영관리'!K11 -> 4.4587264e+08 | F6: 1~ 2단계
C7: 4. 2D/3D 특화서비스 | E7: ='4.2D 및 3D 특화서비스'!E19:N19 -> 6.8409884e+08 | F7: 2단계
C8: 5. 대국민 서비스 | E8: ='5.대국민서비스'!E19:N19 -> 1.6248368e+08 | F8: 2단계
C9: 6. 데이터 관리체계 | E9: ='6.데이터 관리체계 구축'!K11 -> 7.5353877e+08 | F9: 2단계
B10: DB 표준화 | C10: 7. DB 표준화(투입공수) | E10: ='7.통합DB구축(투입공수)'!G58 -> 526874913 | F10: 1단계
B11: 컨설팅 | C11: 8. 컨설팅(투입공수) | E11: ='8.컨설팅(투입공수)'!H28 -> 1.6318721e+08 | F11: 1단계
B12: 초정밀 3D 데이터 구축 | C12: 9.드론LiDAR구축 | E12: ='9.초정밀3D구축(드론LiDAR)'!AC23 -> 4.1080887e+08 | F12: 1~2단계 (부가세 포함)
B13: 전산자원 | C13: 10.전산자원도입(통합발주) | E13: ='10.전산자원도입(통합발주)'!G10 -> 74000000 | F13: 1단계 (부가세 포함)
B14: 소 계(부가세별도) | E14: =SUM(E4:E11) -> 5.4139958e+09
B15: 부가가치세(10%) | E15: =E14*0.1 -> 5.4139958e+08
B16: 총계 | E16: =TRUNC(SUM(E12:E15), -6) -> 6440000000 | F16: (십만단위 절사) | I16: =E16-H16 -> 6440000000

Sheet 1.2D플랫폼 구축
B1: "산림공간 디지털플랫폼 사업_2D플랫폼" 소프트웨어 개발비 산정
L2: (소프트웨어사업 대가산정 가이드, 2022. KOSA)
B4: ○ 개발원가 산정 | L4: (단위 : 원)
B5: 총기능점수 | D5: 기능점수당 단가 | F5: 보정계수 | K5: 개발원가
F6: 규모 | G6: 연계복잡성 | H6: 성능 | I6: 운영환경 | J6: 보안성
B7: =J30 -> 1541 | D7: 605784 | F7: =K21 -> 0.89602517 | G7: =K22 -> 1 | H7: =K23 -> 1.05 | I7: =K24 -> 1.13 | J7: =K25 -> 1.03 | K7: =PRODUCT(B7:J7) -> 1.0222229e+09
B8: 합계(보정 후 개발원가) | K8: =SUM(K7:L7) -> 1.0222229e+09
B9: 이윤 | J9: 0.2 | K9: =K8*J9 -> 2.0444458e+08
B10: 직접경비 | K10: =K17 -> 0
B11: 소프트웨어 개발비(부가세 별도) | K11: =SUM(K8:L10) -> 1.2266675e+09
B13: ○ 직접경비 | L13: (단위 : 원)
B14: 구분 | D14: 산출내역 | K14: 금액
B17: 합 계 | K17: =SUM(K15:L16) -> 0
B19: ○ 보정계수 산정
B20: 보정계수 구분 | D20: 복잡도 및 난이도 수준 | K20: 보정계수
B21: SW규모 | D21: ="= 0.4057 x (log e("&B7&") - 7.1978)^2 + 0.8878 (단, 500FP 미만 1.28, 3,000FP 초과 1.153 적용)" -> = 0.4057 x (log e(1541) - 7.1978)^2 + 0.8878 (단, 500FP 미만 1.28, 3,000FP 초과 1.153 적용) | K21: =IF(B7<500,1.28,IF(B7>3000,1.153,0.4057*(LN(B7)-7.1978)^2+0.8878)) -> 0.89602517
B22: 연계복잡성 | D22: 3. 3~5개의 타 기관 연계 | K22: =VLOOKUP(D22,N22:O26,2,1) -> 1 | N22: 1. 타 기관 연계 없음 | O22: 0.88
B23: 성능 요구수준 | D23: 4. 응답시간이나 처리율이 모든 업무시간에 중요하며, 처리 시한이 명시되어 있다. | K23: =VLOOKUP(D23,N27:O31,2,1) -> 1.05 | N23: 2. 1~2개의 타 기관 연계 | O23: 0.94
B24: 운영환경 호환성 | D24: 4. 운영환경 호환성에 대한 요구사항이 있으며, 이질적인 하드웨어 및 소프트웨어 환경에서 운영되도록 설계된다. | K24: =VLOOKUP(D24,N32:O36,2,1) -> 1.13 | N24: 3. 3~5개의 타 기관 연계 | O24: 1
B25: 보안성 요구수준 | D25: 3. 3가지 요구사항이 포함되어 있다. | K25: =VLOOKUP(D25,N37:O41,2,1) -> 1.03 | N25: 4. 6~10개의 타 기관 연계 | O25: 1.06
N26: 5. 10개 초과의 타 기관 연계 | O26: 1.12
B27: ○ FP 집계 | N27: 1. 응답성능에 대한 특별한 요구사항이 없다. | O27: 0.91
B28: 구분 | E28: ILF | F28: EIF | G28: EI | H28: EO | I28: EQ | J28: 계 | N28: 2. 응답성능에 대한 요구사항이 있으나 특별한 조치가 필요하지는 않다. | O28: 0.95
B29: 기능수 | E29: =COUNTIF('1-1.FP산정(간이법)'!$F$5:$F9997,"ILF") -> 12 | F29: =COUNTIF('1-1.FP산정(간이법)'!$F$5:$F9997,"EIF") -> 2 | G29: =COUNTIF('1-1.FP산정(간이법)'!$F$5:$F9997,"EI") -> 50 | H29: =COUNTIF('1-1.FP산정(간이법)'!$F$5:$F9997,"EO") -> 183 | I29: =COUNTIF('1-1.FP산정(간이법)'!$F$5:$F9997,"EQ") -> 74 | J29: =SUM(E29:I29) -> 321 | N29: 3. 응답시간이나 처리율이 피크타임(peak time)에 중요하며, 처리 시한이 명시되어 있다. | O29: 1
B30: 기능점수 | E30: =SUMIF('1-1.FP산정(간이법)'!$F$5:$F9997,"ILF",'1-1.FP산정(간이법)'!$G$5:$G9997) -> 90 | F30: =SUMIF('1-1.FP산정(간이법)'!$F$5:$F9997,"EIF",'1-1.FP산정(간이법)'!$G$5:$G9997) -> 10.8 | G30: =SUMIF('1-1.FP산정(간이법)'!$F$5:$F9997,"EI",'1-1.FP산정(간이법)'!$G$5:$G9997) -> 200 | H30: =SUMIF('1-1.FP산정(간이법)'!$F$5:$F9997,"EO",'1-1.FP산정(간이법)'!$G$5:$G9997) -> 951.6 | I30: =SUMIF('1-1.FP산정(간이법)'!$F$5:$F9997,"EQ",'1-1.FP산정(간이법)'!$G$5:$G9997) -> 288.6 | J30: =SUM(E30:I30) -> 1541 | N30: 4. 응답시간이나 처리율이 모든 업무시간에 중요하며, 처리 시한이 명시되어 있다. | O30: 1.05
B31: 비중 | E31: =IF($J$30>0,E30/$J$30,"-") -> 0.058403634 | F31: =IF($J$30>0,F30/$J$30,"-") -> 0.0070084361 | G31: =IF($J$30>0,G30/$J$30,"-") -> 0.12978585 | H31: =IF($J$30>0,H30/$J$30,"-") -> 0.61752109 | I31: =IF($J$30>0,I30/$J$30,"-") -> 0.18728099 | J31: =SUM(E31:I31) -> 1 | N31: 5. 응답성능 요구수준이 엄격하여, 설계, 개발 또는 구현 단계에서 성능 분석도구 사용이 필요하다. | O31: 1.09
N32: 1. 운영환경 호환성에 대한 요구사항이 없다. | O32: 0.94
N33: 2. 운영환경 호환성에 대한 요구사항이 있으며, 동일 하드웨어 및 소프트웨어 환경에서 운영되도록 설계된다. | O33: 1
N34: 3. 운영환경 호환성에 대한 요구사항이 있으며, 유사 하드웨어 및 소프트웨어 환경에서 운영되도록 설계된다. | O34: 1.06
N35: 4. 운영환경 호환성에 대한 요구사항이 있으며, 이질적인 하드웨어 및 소프트웨어 환경에서 운영되도록 설계된다. | O35: 1.13
N36: 5. 항목 4에 더하여 일반적 산출물 이외에 장소에서 원활한 운영을 보장하기 위한 운영 절차의 문서화와 사전 모의훈련이 요구된다. | O36: 1.19
N37: 1. 암호화, 웹취약점 점검, 시큐어코딩, 개인정보보호 등 1가지 보안 요구사항이 포함되어 있다. | O37: 0.97
N38: 2. 2가지 요구사항이 포함되어 있다. | O38: 1
N39: 3. 3가지 요구사항이 포함되어 있다. | O39: 1.03
N40: 4. 4가지 항목이 모두 포함되어 있다. | O40: 1.06
N41: 5. 5가지 이상의 보안 요구사항이 포함되어 있다. | O41: 1.08

Sheet 1-1.FP산정(간이법)
B1: 기능점수 산정 (간이법)
B3: 기능명 | F3: 데이터 및 트랜잭션 기능 | G3: FP 산출 | H3: 비고 | I3: 제안요청서 v1.6
B4: ①어플리케이션명 | C4: ②세부 업무명 | D4: ③단위프로세스명 | E4: 단위프로세스 설명 | F4: ④FP유형 | G4: ⑤가중치 | I4: 변경
A5: 2D | B5: GIS프레임워크(REST API) | C5: 데이터요약분석 API | D5: 포인트 집계 | E5: 포인트 집계 | F5: EO | G5: =IF(F5="","",IF(F5="EI",4,IF(F5="EO",5.2,IF(F5="EQ",3.9,IF(F5="ILF",7.5,IF(F5="EIF",5.4)))))) -> 5.2 | H5: SFR-003 | I5: SFR-003
B6: GIS프레임워크(REST API) | C6: 데이터요약분석 API | D6: 공간조인 | E6: 공간조인 | F6: EO | G6: =IF(F6="","",IF(F6="EI",4,IF(F6="EO",5.2,IF(F6="EQ",3.9,IF(F6="ILF",7.5,IF(F6="EIF",5.4)))))) -> 5.2 | H6: SFR-003 | I6: SFR-003
B7: GIS프레임워크(REST API) | C7: 데이터요약분석 API | D7: 주변 집계 | E7: 주변 집계 | F7: EO | G7: =IF(F7="","",IF(F7="EI",4,IF(F7="EO",5.2,IF(F7="EQ",3.9,IF(F7="ILF",7.5,IF(F7="EIF",5.4)))))) -> 5.2 | H7: SFR-003 | I7: SFR-003
B8: GIS프레임워크(REST API) | C8: 데이터요약분석 API | D8: 영역 내 집계 | E8: 영역 내 집계 | F8: EO | G8: =IF(F8="","",IF(F8="EI",4,IF(F8="EO",5.2,IF(F8="EQ",3.9,IF(F8="ILF",7.5,IF(F8="EIF",5.4)))))) -> 5.2 | H8: SFR-003 | I8: SFR-003
B9: GIS프레임워크(REST API) | C9: 데이터요약분석 API | D9: 공간 분포 | E9: 공간 분포 | F9: EO | G9: =IF(F9="","",IF(F9="EI",4,IF(F9="EO",5.2,IF(F9="EQ",3.9,IF(F9="ILF",7.5,IF(F9="EIF",5.4)))))) -> 5.2 | H9: SFR-003 | I9: SFR-003
B10: GIS프레임워크(REST API) | C10: 위치찾기분석 API | D10: 공간 조건 검색 | E10: 공간 조건 검색 | F10: EO | G10: =IF(F10="","",IF(F10="EI",4,IF(F10="EO",5.2,IF(F10="EQ",3.9,IF(F10="ILF",7.5,IF(F10="EIF",5.4)))))) -> 5.2 | H10: SFR-003 | I10: SFR-003
B11: GIS프레임워크(REST API) | C11: 위치찾기분석 API | D11: 공간 조건 추출 | E11: 공간 조건 추출 | F11: EO | G11: =IF(F11="","",IF(F11="EI",4,IF(F11="EO",5.2,IF(F11="EQ",3.9,IF(F11="ILF",7.5,IF(F11="EIF",5.4)))))) -> 5.2 | H11: SFR-003 | I11: SFR-003
B12: GIS프레임워크(REST API) | C12: 위치찾기분석 API | D12: 중심 찾기 실행 | E12: 중심 찾기 실행 | F12: EO | G12: =IF(F12="","",IF(F12="EI",4,IF(F12="EO",5.2,IF(F12="EQ",3.9,IF(F12="ILF",7.5,IF(F12="EIF",5.4)))))) -> 5.2 | H12: SFR-003 | I12: SFR-003
B13: GIS프레임워크(REST API) | C13: 위치찾기분석 API | D13: 유사한 위치 찾기 실행 | E13: 유사한 위치 찾기 실행 | F13: EO | G13: =IF(F13="","",IF(F13="EI",4,IF(F13="EO",5.2,IF(F13="EQ",3.9,IF(F13="ILF",7.5,IF(F13="EIF",5.4)))))) -> 5.2 | H13: SFR-003 | I13: SFR-003
B14: GIS프레임워크(REST API) | C14: 공간패턴 분석 API | D14: 밀도 계산 | E14: 밀도 계산 | F14: EO | G14: =IF(F14="","",IF(F14="EI",4,IF(F14="EO",5.2,IF(F14="EQ",3.9,IF(F14="ILF",7.5,IF(F14="EIF",5.4)))))) -> 5.2 | H14: SFR-003 | I14: SFR-003
B15: GIS프레임워크(REST API) | C15: 공간패턴 분석 API | D15: 핫 스팟 | E15: 핫 스팟 | F15: EO | G15: =IF(F15="","",IF(F15="EI",4,IF(F15="EO",5.2,IF(F15="EQ",3.9,IF(F15="ILF",7.5,IF(F15="EIF",5.4)))))) -> 5.2 | H15: SFR-003 | I15: SFR-003
B16: GIS프레임워크(REST API) | C16: 공간패턴 분석 API | D16: 포인트 군집 | E16: 포인트 군집 | F16: EO | G16: =IF(F16="","",IF(F16="EI",4,IF(F16="EO",5.2,IF(F16="EQ",3.9,IF(F16="ILF",7.5,IF(F16="EIF",5.4)))))) -> 5.2 | H16: SFR-003 | I16: SFR-003
B17: GIS프레임워크(REST API) | C17: 공간패턴 분석 API | D17: 포인트 내삽 찾기 | E17: 포인트 내삽 찾기 | F17: EO | G17: =IF(F17="","",IF(F17="EI",4,IF(F17="EO",5.2,IF(F17="EQ",3.9,IF(F17="ILF",7.5,IF(F17="EIF",5.4)))))) -> 5.2 | H17: SFR-003 | I17: SFR-003
... B53: GIS프레임워크(REST API) | C53: 위치검색 | D53: 경위도좌표 위치검색 | E53: 경위도좌표 위치검색 | F53: EQ | G53: =IF(F53="","",IF(F53="EI",4,IF(F53="EO",5.2,IF(F53="EQ",3.9,IF(F53="ILF",7.5,IF(F53="EIF",5.4)))))) -> 3.9 | H53: SFR-004 | I53: SFR-005
B54: GIS프레임워크(REST API) | C54: 저장소 관리 | D54: 저장소 정보 | F54: ILF | G54: =IF(F54="","",IF(F54="EI",4,IF(F54="EO",5.2,IF(F54="EQ",3.9,IF(F54="ILF",7.5,IF(F54="EIF",5.4)))))) -> 7.5 | H54: SFR-007 | I54: SFR-009
B55: GIS프레임워크(REST API) | C55: 저장소 관리 | D55: 저장소 목록 조회 | F55: EQ | G55: =IF(F55="","",IF(F55="EI",4,IF(F55="EO",5.2,IF(F55="EQ",3.9,IF(F55="ILF",7.5,IF(F55="EIF",5.4)))))) -> 3.9 | H55: SFR-007 | I55: SFR-009
B56: GIS프레임워크(REST API) | C56: 저장소 관리 | D56: 저장소 상세 조회 | F56: EQ | G56: =IF(F56="","",IF(F56="EI",4,IF(F56="EO",5.2,IF(F56="EQ",3.9,IF(F56="ILF",7.5,IF(F56="EIF",5.4)))))) -> 3.9 | H56: SFR-007 | I56: SFR-009
B57: GIS프레임워크(REST API) | C57: 저장소 관리 | D57: 저장소 등록 | F57: EI | G57: =IF(F57="","",IF(F57="EI",4,IF(F57="EO",5.2,IF(F57="EQ",3.9,IF(F57="ILF",7.5,IF(F57="EIF",5.4)))))) -> 4 | H57: SFR-007 | I57: SFR-009
B58: GIS프레임워크(REST API) | C58: 저장소 관리 | D58: 저장소 수정 | F58: EI | G58: =IF(F58="","",IF(F58="EI",4,IF(F58="EO",5.2,IF(F58="EQ",3.9,IF(F58="ILF",7.5,IF(F58="EIF",5.4)))))) -> 4 | H58: SFR-007 | I58: SFR-009
B59: GIS프레임워크(REST API) | C59: 저장소 관리 | D59: 저장소 삭제 | F59: EI | G59: =IF(F59="","",IF(F59="EI",4,IF(F59="EO",5.2,IF(F59="EQ",3.9,IF(F59="ILF",7.5,IF(F59="EIF",5.4)))))) -> 4 | H59: SFR-007 | I59: SFR-009
B60: GIS프레임워크(REST API) | C60: 사용자 데이터 업로드 | D60: Dxf 파일 서비스 발행 | E60: Dxf 파일 서비스 발행 | F60: EO | G60: =IF(F60="","",IF(F60="EI",4,IF(F60="EO",5.2,IF(F60="EQ",3.9,IF(F60="ILF",7.5,IF(F60="EIF",5.4)))))) -> 5.2 | H60: SFR-005 | I60: SFR-004
B61: GIS프레임워크(REST API) | C61: 사용자 데이터 업로드 | D61: Dxf 파일 업로드 | E61: Dxf 파일 업로드 | F61: EO | G61: =IF(F61="","",IF(F61="EI",4,IF(F61="EO",5.2,IF(F61="EQ",3.9,IF(F61="ILF",7.5,IF(F61="EIF",5.4)))))) -> 5.2 | H61: SFR-005 | I61: SFR-004
B62: GIS프레임워크(REST API) | C62: 사용자 데이터 업로드 | D62: GeoJSON 파일 서비스 발행 | E62: GeoJSON 파일 서비스 발행 | F62: EO | G62: =IF(F62="","",IF(F62="EI",4,IF(F62="EO",5.2,IF(F62="EQ",3.9,IF(F62="ILF",7.5,IF(F62="EIF",5.4)))))) -> 5.2 | H62: SFR-005 | I62: SFR-004
B63: GIS프레임워크(REST API) | C63: 사용자 데이터 업로드 | D63: GeoJSON 파일 업로드 | E63: GeoJSON 파일 업로드 | F63: EO | G63: =IF(F63="","",IF(F63="EI",4,IF(F63="EO",5.2,IF(F63="EQ",3.9,IF(F63="ILF",7.5,IF(F63="EIF",5.4)))))) -> 5.2 | H63: SFR-005 | I63: SFR-004
B64: GIS프레임워크(REST API) | C64: 사용자 데이터 업로드 | D64: GeoJSON 텍스트 서비스 발행 | E64: GeoJSON 텍스트 서비스 발행 | F64: EO | G64: =IF(F64="","",IF(F64="EI",4,IF(F64="EO",5.2,IF(F64="EQ",3.9,IF(F64="ILF",7.5,IF(F64="EIF",5.4)))))) -> 5.2 | H64: SFR-005 | I64: SFR-004
B65: GIS프레임워크(REST API) | C65: 사용자 데이터 업로드 | D65: Shape 파일 서비스 발행 | E65: Shape 파일 서비스 발행 | F65: EO | G65: =IF(F65="","",IF(F65="EI",4,IF(F65="EO",5.2,IF(F65="EQ",3.9,IF(F65="ILF",7.5,IF(F65="EIF",5.4)))))) -> 5.2 | H65: SFR-005 | I65: SFR-004
B66: GIS프레임워크(REST API) | C66: 사용자 데이터 업로드 | D66: Shape 파일 업로드 | E66: Shape 파일 업로드 | F66: EO | G66: =IF(F66="","",IF(F66="EI",4,IF(F66="EO",5.2,IF(F66="EQ",3.9,IF(F66="ILF",7.5,IF(F66="EIF",5.4)))))) -> 5.2 | H66: SFR-005 | I66: SFR-004
B67: GIS프레임워크(REST API) | C67: 사용자 데이터 업로드 | D67: GeoTiff 파일 서비스 발행 | E67: GeoTiff 파일 서비스 발행 | F67: EO | G67: =IF(F67="","",IF(F67="EI",4,IF(F67="EO",5.2,IF(F67="EQ",3.9,IF(F67="ILF",7.5,IF(F67="EIF",5.4)))))) -> 5.2 | H67: SFR-005 | I67: SFR-004
B68: GIS프레임워크(REST API) | C68: 사용자 데이터 업로드 | D68: GeoTiff 파일 업로드 | E68: GeoTiff 파일 업로드 | F68: EO | G68: =IF(F68="","",IF(F68="EI",4,IF(F68="EO",5.2,IF(F68="EQ",3.9,IF(F68="ILF",7.5,IF(F68="EIF",5.4)))))) -> 5.2 | H68: SFR-005 | I68: SFR-004
B69: GIS프레임워크(REST API) | C69: 사용자 데이터 업로드 | D69: 이미지 레이어 업로드 | E69: 이미지 레이어 업로드 | F69: EO | G69: =IF(F69="","",IF(F69="EI",4,IF(F69="EO",5.2,IF(F69="EQ",3.9,IF(F69="ILF",7.5,IF(F69="EIF",5.4)))))) -> 5.2 | H69: SFR-005 | I69: SFR-004
B70: GIS프레임워크(REST API) | C70: 레이어 정보 관리 | D70: 레이어 정보 | E70: 레이어 정보 | F70: ILF | G70: =IF(F70="","",IF(F70="EI",4,IF(F70="EO",5.2,IF(F70="EQ",3.9,IF(F70="ILF",7.5,IF(F70="EIF",5.4)))))) -> 7.5 | H70: SFR-005 | I70: SFR-006
B71: GIS프레임워크(REST API) | C71: 레이어 정보 관리 | D71: 레이어 정보 목록조회 | E71: 레이어 정보 리스트 | F71: EQ | G71: =IF(F71="","",IF(F71="EI",4,IF(F71="EO",5.2,IF(F71="EQ",3.9,IF(F71="ILF",7.5,IF(F71="EIF",5.4)))))) -> 3.9 | H71: SFR-005 | I71: SFR-006
... B193: 저작도구(javascript API) | C193: 지도 Javascript SDK | D193: 지도 줌 설정클래스 | E193: 지도 줌 설정클래스 | F193: EQ | G193: =IF(F193="","",IF(F193="EI",4,IF(F193="EO",5.2,IF(F193="EQ",3.9,IF(F193="ILF",7.5,IF(F193="EIF",5.4)))))) -> 3.9 | H193: SFR-008 | I193: SFR-009
B194: 개발자센터(지도예제) | C194: 지도제어 | D194: 지도생성 | E194: 지도생성 | F194: EO | G194: =IF(F194="","",IF(F194="EI",4,IF(F194="EO",5.2,IF(F194="EQ",3.9,IF(F194="ILF",7.5,IF(F194="EIF",5.4)))))) -> 5.2 | H194: SFR-009
B195: 개발자센터(지도예제) | C195: 지도제어 | D195: 배경지도설정 | E195: 배경지도설정 | F195: EO | G195: =IF(F195="","",IF(F195="EI",4,IF(F195="EO",5.2,IF(F195="EQ",3.9,IF(F195="ILF",7.5,IF(F195="EIF",5.4)))))) -> 5.2 | H195: SFR-009
B196: 개발자센터(지도예제) | C196: 지도제어 | D196: 배경지도 최적화 | E196: 배경지도 최적화 | F196: EO | G196: =IF(F196="","",IF(F196="EI",4,IF(F196="EO",5.2,IF(F196="EQ",3.9,IF(F196="ILF",7.5,IF(F196="EIF",5.4)))))) -> 5.2 | H196: SFR-009
B197: 개발자센터(지도예제) | C197: 지도제어 | D197: 사용자 지정 배경지도 | E197: 사용자 지정 배경지도 | F197: EO | G197: =IF(F197="","",IF(F197="EI",4,IF(F197="EO",5.2,IF(F197="EQ",3.9,IF(F197="ILF",7.5,IF(F197="EIF",5.4)))))) -> 5.2 | H197: SFR-009
B198: 개발자센터(지도예제) | C198: 지도제어 | D198: 사용자 지정 배경지도(webGl 벡터타일 레이어) | E198: 사용자 지정 배경지도(webGl 벡터타일 레이어) | F198: EO | G198: =IF(F198="","",IF(F198="EI",4,IF(F198="EO",5.2,IF(F198="EQ",3.9,IF(F198="ILF",7.5,IF(F198="EIF",5.4)))))) -> 5.2 | H198: SFR-009
B199: 개발자센터(지도예제) | C199: 지도제어 | D199: 축척 | E199: 축척 | F199: EO | G199: =IF(F199="","",IF(F199="EI",4,IF(F199="EO",5.2,IF(F199="EQ",3.9,IF(F199="ILF",7.5,IF(F199="EIF",5.4)))))) -> 5.2 | H199: SFR-009
B200: 개발자센터(지도예제) | C200: 지도제어 | D200: 네비게이션 | E200: 네비게이션 | F200: EO | G200: =IF(F200="","",IF(F200="EI",4,IF(F200="EO",5.2,IF(F200="EQ",3.9,IF(F200="ILF",7.5,IF(F200="EIF",5.4)))))) -> 5.2 | H200: SFR-009
B201: 개발자센터(지도예제) | C201: 지도제어 | D201: 인덱스맵 | E201: 인덱스맵 | F201: EO | G201: =IF(F201="","",IF(F201="EI",4,IF(F201="EO",5.2,IF(F201="EQ",3.9,IF(F201="ILF",7.5,IF(F201="EIF",5.4)))))) -> 5.2 | H201: SFR-009
B202: 개발자센터(지도예제) | C202: 지도제어 | D202: 지도회전 | E202: 지도회전 | F202: EO | G202: =IF(F202="","",IF(F202="EI",4,IF(F202="EO",5.2,IF(F202="EQ",3.9,IF(F202="ILF",7.5,IF(F202="EIF",5.4)))))) -> 5.2 | H202: SFR-009
B203: 개발자센터(지도예제) | C203: 지도제어 | D203: 그리기 도구 | E203: 그리기 도구 | F203: EO | G203: =IF(F203="","",IF(F203="EI",4,IF(F203="EO",5.2,IF(F203="EQ",3.9,IF(F203="ILF",7.5,IF(F203="EIF",5.4)))))) -> 5.2 | H203: SFR-009
B204: 개발자센터(지도예제) | C204: 지도제어 | D204: 측정 도구 | E204: 측정 도구 | F204: EO | G204: =IF(F204="","",IF(F204="EI",4,IF(F204="EO",5.2,IF(F204="EQ",3.9,IF(F204="ILF",7.5,IF(F204="EIF",5.4)))))) -> 5.2 | H204: SFR-009
B205: 개발자센터(지도예제) | C205: 지도제어 | D205: 지도 출력/다운로드 | E205: 지도 출력/다운로드 | F205: EO | G205: =IF(F205="","",IF(F205="EI",4,IF(F205="EO",5.2,IF(F205="EQ",3.9,IF(F205="ILF",7.5,IF(F205="EIF",5.4)))))) -> 5.2 | H205: SFR-009
... B325: 개발자센터(지도예제) | C325: 분석 레이어 | D325: 포인트집계 분석 레이어 | E325: 포인트집계 분석 레이어 | F325: EO | G325: =IF(F325="","",IF(F325="EI",4,IF(F325="EO",5.2,IF(F325="EQ",3.9,IF(F325="ILF",7.5,IF(F325="EIF",5.4)))))) -> 5.2 | H325: SFR-009
G326: =IF(F326="","",IF(F326="EI",4,IF(F326="EO",5.2,IF(F326="EQ",3.9,IF(F326="ILF",7.5,IF(F326="EIF",5.4))))))
G327: =IF(F327="","",IF(F327="EI",4,IF(F327="EO",5.2,IF(F327="EQ",3.9,IF(F327="ILF",7.5,IF(F327="EIF",5.4))))))
G328: =IF(F328="","",IF(F328="EI",4,IF(F328="EO",5.2,IF(F328="EQ",3.9,IF(F328="ILF",7.5,IF(F328="EIF",5.4))))))
G329: =IF(F329="","",IF(F329="EI",4,IF(F329="EO",5.2,IF(F329="EQ",3.9,IF(F329="ILF",7.5,IF(F329="EIF",5.4))))))
G330: =IF(F330="","",IF(F330="EI",4,IF(F330="EO",5.2,IF(F330="EQ",3.9,IF(F330="ILF",7.5,IF(F330="EIF",5.4))))))
G331: =IF(F331="","",IF(F331="EI",4,IF(F331="EO",5.2,IF(F331="EQ",3.9,IF(F331="ILF",7.5,IF(F331="EIF",5.4))))))
G332: =IF(F332="","",IF(F332="EI",4,IF(F332="EO",5.2,IF(F332="EQ",3.9,IF(F332="ILF",7.5,IF(F332="EIF",5.4))))))
G333: =IF(F333="","",IF(F333="EI",4,IF(F333="EO",5.2,IF(F333="EQ",3.9,IF(F333="ILF",7.5,IF(F333="EIF",5.4))))))
G334: =IF(F334="","",IF(F334="EI",4,IF(F334="EO",5.2,IF(F334="EQ",3.9,IF(F334="ILF",7.5,IF(F334="EIF",5.4))))))
G335: =IF(F335="","",IF(F335="EI",4,IF(F335="EO",5.2,IF(F335="EQ",3.9,IF(F335="ILF",7.5,IF(F335="EIF",5.4))))))
G336: =IF(F336="","",IF(F336="EI",4,IF(F336="EO",5.2,IF(F336="EQ",3.9,IF(F336="ILF",7.5,IF(F336="EIF",5.4))))))
G337: =IF(F337="","",IF(F337="EI",4,IF(F337="EO",5.2,IF(F337="EQ",3.9,IF(F337="ILF",7.5,IF(F337="EIF",5.4))))))
... G9944: =IF(F9944="","",IF(F9944="EI",4,IF(F9944="EO",5.2,IF(F9944="EQ",3.9,IF(F9944="ILF",7.5,IF(F9944="EIF",5.4))))))

Sheet 3D플랫폼 구축(제작및관리(CS)포함)
B1: "산림공간 디지털플랫폼 사업_3D플랫폼 제작 및 관리도구" 소프트웨어 개발비 산정
L2: (소프트웨어사업 대가산정 가이드, 2022. KOSA)
B4: ○ 개발원가 산정 | L4: (단위 : 원)
B5: 총기능점수 | D5: 기능점수당 단가 | F5: 보정계수 | K5: 개발원가
F6: 규모 | G6: 연계복잡성 | H6: 성능 | I6: 운영환경 | J6: 보안성
B7: =J30 -> 1774.8 | D7: 605784 | F7: =K21 -> 0.92043993 | G7: =K22 -> 1 | H7: =K23 -> 1.05 | I7: =K24 -> 1.13 | J7: =K25 -> 1.03 | K7: =PRODUCT(B7:J7) -> 1.2093935e+09
B8: 합계(보정 후 개발원가) | K8: =SUM(K7:L7) -> 1.2093935e+09
B9: 이윤 | J9: 0.2 | K9: =K8*J9 -> 2.418787e+08
B10: 직접경비 | K10: =K17 -> 0
B11: 소프트웨어 개발비(부가세 별도) | K11: =SUM(K8:L10) -> 1.4512722e+09
B13: ○ 직접경비 | L13: (단위 : 원)
B14: 구분 | D14: 산출내역 | K14: 금액
B17: 합 계 | K17: =SUM(K15:L16) -> 0
B19: ○ 보정계수 산정
B20: 보정계수 구분 | D20: 복잡도 및 난이도 수준 | K20: 보정계수
B21: SW규모 | D21: ="= 0.4057 x (log e("&B7&") - 7.1978)^2 + 0.8878 (단, 500FP 미만 1.28, 3,000FP 초과 1.153 적용)" -> = 0.4057 x (log e(1774.8) - 7.1978)^2 + 0.8878 (단, 500FP 미만 1.28, 3,000FP 초과 1.153 적용) | K21: =IF(B7<500,1.28,IF(B7>3000,1.153,0.4057*(LN(B7)-7.1978)^2+0.8878)) -> 0.92043993
B22: 연계복잡성 | D22: 3. 3~5개의 타 기관 연계 | K22: =VLOOKUP(D22,N22:O26,2,1) -> 1 | N22: 1. 타 기관 연계 없음 | O22: 0.88
B23: 성능 요구수준 | D23: 4. 응답시간이나 처리율이 모든 업무시간에 중요하며, 처리 시한이 명시되어 있다. | K23: =VLOOKUP(D23,N27:O31,2,1) -> 1.05 | N23: 2. 1~2개의 타 기관 연계 | O23: 0.94
B24: 운영환경 호환성 | D24: 4. 운영환경 호환성에 대한 요구사항이 있으며, 이질적인 하드웨어 및 소프트웨어 환경에서 운영되도록 설계된다. | K24: =VLOOKUP(D24,N32:O36,2,1) -> 1.13 | N24: 3. 3~5개의 타 기관 연계 | O24: 1
B25: 보안성 요구수준 | D25: 3. 3가지 요구사항이 포함되어 있다. | K25: =VLOOKUP(D25,N37:O41,2,1) -> 1.03 | N25: 4. 6~10개의 타 기관 연계 | O25: 1.06
N26: 5. 10개 초과의 타 기관 연계 | O26: 1.12
B27: ○ FP 집계 | N27: 1. 응답성능에 대한 특별한 요구사항이 없다. | O27: 0.91
B28: 구분 | E28: ILF | F28: EIF | G28: EI | H28: EO | I28: EQ | J28: 계 | N28: 2. 응답성능에 대한 요구사항이 있으나 특별한 조치가 필요하지는 않다. | O28: 0.95
B29: 기능수 | E29: =COUNTIF('2-1.FP산정(간이법)'!$F$5:$F10634,"ILF") -> 21 | F29: =COUNTIF('2-1.FP산정(간이법)'!$F$5:$F10634,"EIF") -> 6 | G29: =COUNTIF('2-1.FP산정(간이법)'!$F$5:$F10634,"EI") -> 106 | H29: =COUNTIF('2-1.FP산정(간이법)'!$F$5:$F10634,"EO") -> 206 | I29: =COUNTIF('2-1.FP산정(간이법)'!$F$5:$F10634,"EQ") -> 23 | J29: =SUM(E29:I29) -> 362 | N29: 3. 응답시간이나 처리율이 피크타임(peak time)에 중요하며, 처리 시한이 명시되어 있다. | O29: 1
B30: 기능점수 | E30: =SUMIF('2-1.FP산정(간이법)'!$F$5:$F10634,"ILF",'2-1.FP산정(간이법)'!$G$5:$G10634) -> 157.5 | F30: =SUMIF('2-1.FP산정(간이법)'!$F$5:$F10634,"EIF",'2-1.FP산정(간이법)'!$G$5:$G10634) -> 32.4 | G30: =SUMIF('2-1.FP산정(간이법)'!$F$5:$F10634,"EI",'2-1.FP산정(간이법)'!$G$5:$G10634) -> 424 | H30: =SUMIF('2-1.FP산정(간이법)'!$F$5:$F10634,"EO",'2-1.FP산정(간이법)'!$G$5:$G10634) -> 1071.2 | I30: =SUMIF('2-1.FP산정(간이법)'!$F$5:$F10634,"EQ",'2-1.FP산정(간이법)'!$G$5:$G10634) -> 89.7 | J30: =SUM(E30:I30) -> 1774.8 | N30: 4. 응답시간이나 처리율이 모든 업무시간에 중요하며, 처리 시한이 명시되어 있다. | O30: 1.05
B31: 비중 | E31: =IF($J$30>0,E30/$J$30,"-") -> 0.088742394 | F31: =IF($J$30>0,F30/$J$30,"-") -> 0.018255578 | G31: =IF($J$30>0,G30/$J$30,"-") -> 0.23890016 | H31: =IF($J$30>0,H30/$J$30,"-") -> 0.60356096 | I31: =IF($J$30>0,I30/$J$30,"-") -> 0.050540906 | J31: =SUM(E31:I31) -> 1 | N31: 5. 응답성능 요구수준이 엄격하여, 설계, 개발 또는 구현 단계에서 성능 분석도구 사용이 필요하다. | O31: 1.09
N32: 1. 운영환경 호환성에 대한 요구사항이 없다. | O32: 0.94
N33: 2. 운영환경 호환성에 대한 요구사항이 있으며, 동일 하드웨어 및 소프트웨어 환경에서 운영되도록 설계된다. | O33: 1
N34: 3. 운영환경 호환성에 대한 요구사항이 있으며, 유사 하드웨어 및 소프트웨어 환경에서 운영되도록 설계된다. | O34: 1.06
N35: 4. 운영환경 호환성에 대한 요구사항이 있으며, 이질적인 하드웨어 및 소프트웨어 환경에서 운영되도록 설계된다. | O35: 1.13
N36: 5. 항목 4에 더하여 일반적 산출물 이외에 장소에서 원활한 운영을 보장하기 위한 운영 절차의 문서화와 사전 모의훈련이 요구된다. | O36: 1.19
N37: 1. 암호화, 웹취약점 점검, 시큐어코딩, 개인정보보호 등 1가지 보안 요구사항이 포함되어 있다. | O37: 0.97
N38: 2. 2가지 요구사항이 포함되어 있다. | O38: 1
N39: 3. 3가지 요구사항이 포함되어 있다. | O39: 1.03
N40: 4. 4가지 항목이 모두 포함되어 있다. | O40: 1.06
N41: 5. 5가지 이상의 보안 요구사항이 포함되어 있다. | O41: 1.08

Sheet 2-1.FP산정(간이법)
B1: 기능점수 산정 (간이법)
B3: 기능명 | F3: 데이터 및 트랜잭션 기능 | G3: FP 산출 | H3: 비고
B4: ①어플리케이션명 | C4: ②세부 업무명 | D4: ③단위프로세스명 | E4: 단위프로세스 설명 | F4: ④FP유형 | G4: ⑤가중치
B5: □ 디지털트윈 3D 제작 도구 개발 | G5: =IF(F5="","",IF(F5="EI",4,IF(F5="EO",5.2,IF(F5="EQ",3.9,IF(F5="ILF",7.5,IF(F5="EIF",5.4))))))
B6: 배경지도 표출 | C6: 국토부 DB 반영 | D6: K-GEO, V-World 연계 서비스 혹은 자료 수령 후 반영 | F6: EIF | G6: =IF(F6="","",IF(F6="EI",4,IF(F6="EO",5.2,IF(F6="EQ",3.9,IF(F6="ILF",7.5,IF(F6="EIF",5.4)))))) -> 5.4
C7: 벡터지도 연계 | D7: 국토부 벡터지도 연계 | F7: EIF | G7: =IF(F7="","",IF(F7="EI",4,IF(F7="EO",5.2,IF(F7="EQ",3.9,IF(F7="ILF",7.5,IF(F7="EIF",5.4)))))) -> 5.4
C8: 항공영상지도 연계 | D8: 국토부 항공영상지도 연계 | F8: EIF | G8: =IF(F8="","",IF(F8="EI",4,IF(F8="EO",5.2,IF(F8="EQ",3.9,IF(F8="ILF",7.5,IF(F8="EIF",5.4)))))) -> 5.4
C9: 위성영상지도 연계 | D9: 국토부 위성영상지도 연계 | F9: EIF | G9: =IF(F9="","",IF(F9="EI",4,IF(F9="EO",5.2,IF(F9="EQ",3.9,IF(F9="ILF",7.5,IF(F9="EIF",5.4)))))) -> 5.4
C10: 바로e맵 연계 | D10: 바로e맵 배경지도 매쉬업 연계 | F10: EIF | G10: =IF(F10="","",IF(F10="EI",4,IF(F10="EO",5.2,IF(F10="EQ",3.9,IF(F10="ILF",7.5,IF(F10="EIF",5.4)))))) -> 5.4
B11: 메인화면 | C11: 메인화면 구성 | D11: 일반 관리 화면 모드 및 대시보드 화면 모드 전환 기능 | F11: EO | G11: =IF(F11="","",IF(F11="EI",4,IF(F11="EO",5.2,IF(F11="EQ",3.9,IF(F11="ILF",7.5,IF(F11="EIF",5.4)))))) -> 5.2
C12: 좌표정보 | D12: 해당 지점의 경위도 및 높이 정보 제공 | F12: EO | G12: =IF(F12="","",IF(F12="EI",4,IF(F12="EO",5.2,IF(F12="EQ",3.9,IF(F12="ILF",7.5,IF(F12="EIF",5.4)))))) -> 5.2
C13: 날자정보 | D13: 해당 지점의 날자정보 제공 | F13: EO | G13: =IF(F13="","",IF(F13="EI",4,IF(F13="EO",5.2,IF(F13="EQ",3.9,IF(F13="ILF",7.5,IF(F13="EIF",5.4)))))) -> 5.2
C14: 시간정보 | D14: 해당 지점의 시간정보 제공 | F14: EO | G14: =IF(F14="","",IF(F14="EI",4,IF(F14="EO",5.2,IF(F14="EQ",3.9,IF(F14="ILF",7.5,IF(F14="EIF",5.4)))))) -> 5.2
C15: 기상정보 | D15: 해당 지점의 기상정보 제공 | F15: EIF | G15: =IF(F15="","",IF(F15="EI",4,IF(F15="EO",5.2,IF(F15="EQ",3.9,IF(F15="ILF",7.5,IF(F15="EIF",5.4)))))) -> 5.4
B16: 3차원 지도제어 | C16: 확대/축소/이동 | D16: 지도화면 영역 확대, 축소, 이동, 초기화(위치, 선택), 정북방향, 현재위치설정 | F16: EO | G16: =IF(F16="","",IF(F16="EI",4,IF(F16="EO",5.2,IF(F16="EQ",3.9,IF(F16="ILF",7.5,IF(F16="EIF",5.4)))))) -> 5.2
C17: 2D/3D 지도 모드 설정 | D17: 기본 3차원으로 지도 제공하며, 사용자 2D지도 선택시 Top-View 방식으로 전환 | F17: EO | G17: =IF(F17="","",IF(F17="EI",4,IF(F17="EO",5.2,IF(F17="EQ",3.9,IF(F17="ILF",7.5,IF(F17="EIF",5.4)))))) -> 5.2
C18: 국가지점번호 | D18: 위도/경도, 국가지점번호로 위치등록 | F18: EI | G18: =IF(F18="","",IF(F18="EI",4,IF(F18="EO",5.2,IF(F18="EQ",3.9,IF(F18="ILF",7.5,IF(F18="EIF",5.4)))))) -> 4
C19: 이미지 저장 | D19: 현재 화면에 보이는 지도 이미지 저장 | F19: EO | G19: =IF(F19="","",IF(F19="EI",4,IF(F19="EO",5.2,IF(F19="EQ",3.9,IF(F19="ILF",7.5,IF(F19="EIF",5.4)))))) -> 5.2
C20: 메모기능 | D20: 지도상의 메모 작성기능 | F20: EO | G20: =IF(F20="","",IF(F20="EI",4,IF(F20="EO",5.2,IF(F20="EQ",3.9,IF(F20="ILF",7.5,IF(F20="EIF",5.4)))))) -> 5.2
C21: 지도 인쇄 | D21: 지도화면 인쇄 | F21: EO | G21: =IF(F21="","",IF(F21="EI",4,IF(F21="EO",5.2,IF(F21="EQ",3.9,IF(F21="ILF",7.5,IF(F21="EIF",5.4)))))) -> 5.2
B22: 통합 검색 | C22: 공간정보 지도 검색(주소) | D22: 주소를 입력하여 해당 위치로 지도 이동 | F22: EO | G22: =IF(F22="","",IF(F22="EI",4,IF(F22="EO",5.2,IF(F22="EQ",3.9,IF(F22="ILF",7.5,IF(F22="EIF",5.4)))))) -> 5.2
C23: 공간정보 지도 검색(명칭) | D23: 시설물 이름을 입력하여 해당 위치로 지도 이동 | F23: EO | G23: =IF(F23="","",IF(F23="EI",4,IF(F23="EO",5.2,IF(F23="EQ",3.9,IF(F23="ILF",7.5,IF(F23="EIF",5.4)))))) -> 5.2
C24: 공간정보 지도 검색(데이터) | D24: 데이터 이름을 입력하여 해당 위치로 지도 이동 | F24: EO | G24: =IF(F24="","",IF(F24="EI",4,IF(F24="EO",5.2,IF(F24="EQ",3.9,IF(F24="ILF",7.5,IF(F24="EIF",5.4)))))) -> 5.2
C25: 공간정보 지도 검색(통합검색) | D25: 주소, 좌표, 명칭 등 통합적 검색 및 해당 위치로 지도 이동 | F25: EO | G25: =IF(F25="","",IF(F25="EI",4,IF(F25="EO",5.2,IF(F25="EQ",3.9,IF(F25="ILF",7.5,IF(F25="EIF",5.4)))))) -> 5.2
B26: 측정기능 | C26: 높이측정 | D26: 지도의 지형 또는 건물의 높이 측정 | F26: EO | G26: =IF(F26="","",IF(F26="EI",4,IF(F26="EO",5.2,IF(F26="EQ",3.9,IF(F26="ILF",7.5,IF(F26="EIF",5.4)))))) -> 5.2
C27: 면적측정 | D27: 지도의 지형 면적 측정 | F27: EO | G27: =IF(F27="","",IF(F27="EI",4,IF(F27="EO",5.2,IF(F27="EQ",3.9,IF(F27="ILF",7.5,IF(F27="EIF",5.4)))))) -> 5.2
C28: 거리측정 | D28: 지도의 지형 거리 측정 | F28: EO | G28: =IF(F28="","",IF(F28="EI",4,IF(F28="EO",5.2,IF(F28="EQ",3.9,IF(F28="ILF",7.5,IF(F28="EIF",5.4)))))) -> 5.2
D29: 지점간 거리 및 누적거리 측정 | F29: EO | G29: =IF(F29="","",IF(F29="EI",4,IF(F29="EO",5.2,IF(F29="EQ",3.9,IF(F29="ILF",7.5,IF(F29="EIF",5.4)))))) -> 5.2
C30: 각도측정 | D30: 지도의 지형 각도 측정 | F30: EO | G30: =IF(F30="","",IF(F30="EI",4,IF(F30="EO",5.2,IF(F30="EQ",3.9,IF(F30="ILF",7.5,IF(F30="EIF",5.4)))))) -> 5.2
B31: 분석기능 | C31: 일조권 시간 설정 | D31: 3차원 지도 일조권 시간 설정 | F31: EI | G31: =IF(F31="","",IF(F31="EI",4,IF(F31="EO",5.2,IF(F31="EQ",3.9,IF(F31="ILF",7.5,IF(F31="EIF",5.4)))))) -> 4
C32: 일조권 계절 설정 | D32: 3차원 지도 일조권 계절 설정 | F32: EI | G32: =IF(F32="","",IF(F32="EI",4,IF(F32="EO",5.2,IF(F32="EQ",3.9,IF(F32="ILF",7.5,IF(F32="EIF",5.4)))))) -> 4
C33: 일조권 분석 | D33: 3차원 지도 일조권 분석 | F33: EO | G33: =IF(F33="","",IF(F33="EI",4,IF(F33="EO",5.2,IF(F33="EQ",3.9,IF(F33="ILF",7.5,IF(F33="EIF",5.4)))))) -> 5.2
C34: 일조권 배속 설정 | D34: 3차원 지도 일조권 배속 설정 | F34: EI | G34: =IF(F34="","",IF(F34="EI",4,IF(F34="EO",5.2,IF(F34="EQ",3.9,IF(F34="ILF",7.5,IF(F34="EIF",5.4)))))) -> 4
C35: 일조권 자동 실행 | D35: 3차원 지도 일조권 자동 실행 | F35: EO | G35: =IF(F35="","",IF(F35="EI",4,IF(F35="EO",5.2,IF(F35="EQ",3.9,IF(F35="ILF",7.5,IF(F35="EIF",5.4)))))) -> 5.2
C36: 시스템 시간 설정 | D36: 디지털트윈 상의 시스템 시간 설정 | F36: EI | G36: =IF(F36="","",IF(F36="EI",4,IF(F36="EO",5.2,IF(F36="EQ",3.9,IF(F36="ILF",7.5,IF(F36="EIF",5.4)))))) -> 4
C37: 설정 시간 확인 | D37: 디지털트윈 상의 설정 시간 확인 | F37: EQ | G37: =IF(F37="","",IF(F37="EI",4,IF(F37="EO",5.2,IF(F37="EQ",3.9,IF(F37="ILF",7.5,IF(F37="EIF",5.4)))))) -> 3.9
C38: 토공량 분석 | D38: 지도의 지형 토공량 측정 | F38: EO | G38: =IF(F38="","",IF(F38="EI",4,IF(F38="EO",5.2,IF(F38="EQ",3.9,IF(F38="ILF",7.5,IF(F38="EIF",5.4)))))) -> 5.2
C39: 단면도 분석 | D39: 3차원 오브젝트 단면도 분석 | F39: EO | G39: =IF(F39="","",IF(F39="EI",4,IF(F39="EO",5.2,IF(F39="EQ",3.9,IF(F39="ILF",7.5,IF(F39="EIF",5.4)))))) -> 5.2
C40: 경사도 분석 | D40: 지도의 지형 경사도 분석 | F40: EO | G40: =IF(F40="","",IF(F40="EI",4,IF(F40="EO",5.2,IF(F40="EQ",3.9,IF(F40="ILF",7.5,IF(F40="EIF",5.4)))))) -> 5.2
B41: 객체 가시화 | C41: 텍스쳐 모드 | D41: 외부 이미지가 랜더링된 모델 형태의 서비스 | F41: EO | G41: =IF(F41="","",IF(F41="EI",4,IF(F41="EO",5.2,IF(F41="EQ",3.9,IF(F41="ILF",7.5,IF(F41="EIF",5.4)))))) -> 5.2
C42: 2D/3D 지도 모드 설정 | D42: 기본 이미지없이 박스형태의 랜더링된 모델 형태의 서비스 | F42: EO | G42: =IF(F42="","",IF(F42="EI",4,IF(F42="EO",5.2,IF(F42="EQ",3.9,IF(F42="ILF",7.5,IF(F42="EIF",5.4)))))) -> 5.2
C43: 가시거리 조정 | D43: 개체목 등의 가시거리 조정 서비스 | F43: EO | G43: =IF(F43="","",IF(F43="EI",4,IF(F43="EO",5.2,IF(F43="EQ",3.9,IF(F43="ILF",7.5,IF(F43="EIF",5.4)))))) -> 5.2
C44: 건물의 색상조정 | D44: 개체목 등의 색상 조정(색상, 채도, 명도) | F44: EO | G44: =IF(F44="","",IF(F44="EI",4,IF(F44="EO",5.2,IF(F44="EQ",3.9,IF(F44="ILF",7.5,IF(F44="EIF",5.4)))))) -> 5.2
C45: 투명도 조정 | D45: 지형 등의 투명도 조정 | F45: EO | G45: =IF(F45="","",IF(F45="EI",4,IF(F45="EO",5.2,IF(F45="EQ",3.9,IF(F45="ILF",7.5,IF(F45="EIF",5.4)))))) -> 5.2
C46: 해상도 조정 | D46: 개체목 및 산림의 선명도 조정 서비스 | F46: EO | G46: =IF(F46="","",IF(F46="EI",4,IF(F46="EO",5.2,IF(F46="EQ",3.9,IF(F46="ILF",7.5,IF(F46="EIF",5.4)))))) -> 5.2
B47: 시뮬레이션 기반 기능 | C47: 경관보기 | D47: 3차원 지도 상에서 주변 경관 보기 | F47: EO | G47: =IF(F47="","",IF(F47="EI",4,IF(F47="EO",5.2,IF(F47="EQ",3.9,IF(F47="ILF",7.5,IF(F47="EIF",5.4)))))) -> 5.2
C48: 스카이라인보기 | D48: 3차원 지도 상에서 스카이라인 보기 | F48: EO | G48: =IF(F48="","",IF(F48="EI",4,IF(F48="EO",5.2,IF(F48="EQ",3.9,IF(F48="ILF",7.5,IF(F48="EIF",5.4)))))) -> 5.2
C49: 날씨 효과(눈, 비) | D49: 3차원 지도 상에서 날씨 효과 가시화 | F49: EO | G49: =IF(F49="","",IF(F49="EI",4,IF(F49="EO",5.2,IF(F49="EQ",3.9,IF(F49="ILF",7.5,IF(F49="EIF",5.4)))))) -> 5.2
C50: 바람길 시뮬레이션 | D50: 3차원 지도 상에서 바람길 가시화 | F50: EO | G50: =IF(F50="","",IF(F50="EI",4,IF(F50="EO",5.2,IF(F50="EQ",3.9,IF(F50="ILF",7.5,IF(F50="EIF",5.4)))))) -> 5.2
C51: 시뮬레이션 | D51: 개체목 기반 생육 시뮬레이션 기능 | F51: EO | G51: =IF(F51="","",IF(F51="EI",4,IF(F51="EO",5.2,IF(F51="EQ",3.9,IF(F51="ILF",7.5,IF(F51="EIF",5.4)))))) -> 5.2
D52: 산불예측 시뮬레이션 기능 | F52: EO | G52: =IF(F52="","",IF(F52="EI",4,IF(F52="EO",5.2,IF(F52="EQ",3.9,IF(F52="ILF",7.5,IF(F52="EIF",5.4)))))) -> 5.2
D53: 산사태예측 시뮬레이션 기능 | F53: EO | G53: =IF(F53="","",IF(F53="EI",4,IF(F53="EO",5.2,IF(F53="EQ",3.9,IF(F53="ILF",7.5,IF(F53="EIF",5.4)))))) -> 5.2
C54: 결과 확인 | D54: 시뮬레이션 결과 확인 기능 | F54: EO | G54: =IF(F54="","",IF(F54="EI",4,IF(F54="EO",5.2,IF(F54="EQ",3.9,IF(F54="ILF",7.5,IF(F54="EIF",5.4)))))) -> 5.2
C55: 가시화 | D55: 시뮬레이션 결과 가시화 | F55: EO | G55: =IF(F55="","",IF(F55="EI",4,IF(F55="EO",5.2,IF(F55="EQ",3.9,IF(F55="ILF",7.5,IF(F55="EIF",5.4)))))) -> 5.2
B56: 라이다 데이터 처리 | C56: 데이터 입력 | D56: 데이터 다운로드 | F56: EO | G56: =IF(F56="","",IF(F56="EI",4,IF(F56="EO",5.2,IF(F56="EQ",3.9,IF(F56="ILF",7.5,IF(F56="EIF",5.4)))))) -> 5.2
D57: 메타데이터 생성 | F57: EO | G57: =IF(F57="","",IF(F57="EI",4,IF(F57="EO",5.2,IF(F57="EQ",3.9,IF(F57="ILF",7.5,IF(F57="EIF",5.4)))))) -> 5.2
D58: 통합 데이터베이스 저장 | F58: ILF | G58: =IF(F58="","",IF(F58="EI",4,IF(F58="EO",5.2,IF(F58="EQ",3.9,IF(F58="ILF",7.5,IF(F58="EIF",5.4)))))) -> 7.5
D59: 데이터 구조화 | F59: EO | G59: =IF(F59="","",IF(F59="EI",4,IF(F59="EO",5.2,IF(F59="EQ",3.9,IF(F59="ILF",7.5,IF(F59="EIF",5.4)))))) -> 5.2
C60: 데이터 융합 | D60: 항공 라이다 검색 | F60: EQ | G60: =IF(F60="","",IF(F60="EI",4,IF(F60="EO",5.2,IF(F60="EQ",3.9,IF(F60="ILF",7.5,IF(F60="EIF",5.4)))))) -> 3.9
D61: 드론 라이다 검색 | F61: EQ | G61: =IF(F61="","",IF(F61="EI",4,IF(F61="EO",5.2,IF(F61="EQ",3.9,IF(F61="ILF",7.5,IF(F61="EIF",5.4)))))) -> 3.9
D62: 지상 라이다 검색 | F62: EQ | G62: =IF(F62="","",IF(F62="EI",4,IF(F62="EO",5.2,IF(F62="EQ",3.9,IF(F62="ILF",7.5,IF(F62="EIF",5.4)))))) -> 3.9
D63: 융합 데이터 그룹 선택 | F63: EI | G63: =IF(F63="","",IF(F63="EI",4,IF(F63="EO",5.2,IF(F63="EQ",3.9,IF(F63="ILF",7.5,IF(F63="EIF",5.4)))))) -> 4
D64: 인접 데이터 입력 | F64: EO | G64: =IF(F64="","",IF(F64="EI",4,IF(F64="EO",5.2,IF(F64="EQ",3.9,IF(F64="ILF",7.5,IF(F64="EIF",5.4)))))) -> 5.2
D65: 중복지역 계산 및 추출 | F65: EO | G65: =IF(F65="","",IF(F65="EI",4,IF(F65="EO",5.2,IF(F65="EQ",3.9,IF(F65="ILF",7.5,IF(F65="EIF",5.4)))))) -> 5.2
D66: 특이점/Control Feature 추출 | F66: EO | G66: =IF(F66="","",IF(F66="EI",4,IF(F66="EO",5.2,IF(F66="EQ",3.9,IF(F66="ILF",7.5,IF(F66="EIF",5.4)))))) -> 5.2
D67: 인접 데이터 간 변환계수 결정 | F67: EI | G67: =IF(F67="","",IF(F67="EI",4,IF(F67="EO",5.2,IF(F67="EQ",3.9,IF(F67="ILF",7.5,IF(F67="EIF",5.4)))))) -> 4
D68: 전체 데이터셋의 변환계수 결정 | F68: EI | G68: =IF(F68="","",IF(F68="EI",4,IF(F68="EO",5.2,IF(F68="EQ",3.9,IF(F68="ILF",7.5,IF(F68="EIF",5.4)))))) -> 4
D69: 조정계산 수행 | F69: EO | G69: =IF(F69="","",IF(F69="EI",4,IF(F69="EO",5.2,IF(F69="EQ",3.9,IF(F69="ILF",7.5,IF(F69="EIF",5.4)))))) -> 5.2
D70: 결과 정확도 확인 | F70: EQ | G70: =IF(F70="","",IF(F70="EI",4,IF(F70="EO",5.2,IF(F70="EQ",3.9,IF(F70="ILF",7.5,IF(F70="EIF",5.4)))))) -> 3.9
D71: 결과 데이터 확인 | F71: EQ | G71: =IF(F71="","",IF(F71="EI",4,IF(F71="EO",5.2,IF(F71="EQ",3.9,IF(F71="ILF",7.5,IF(F71="EIF",5.4)))))) -> 3.9
D72: 전체 데이터 융합 | F72: EO | G72: =IF(F72="","",IF(F72="EI",4,IF(F72="EO",5.2,IF(F72="EQ",3.9,IF(F72="ILF",7.5,IF(F72="EIF",5.4)))))) -> 5.2
... D74: 결과 데이터 저장 | F74: EO | G74: =IF(F74="","",IF(F74="EI",4,IF(F74="EO",5.2,IF(F74="EQ",3.9,IF(F74="ILF",7.5,IF(F74="EIF",5.4)))))) -> 5.2
C75: 오류점 제거 | D75: 대상 데이터 검색 | F75: EQ | G75: =IF(F75="","",IF(F75="EI",4,IF(F75="EO",5.2,IF(F75="EQ",3.9,IF(F75="ILF",7.5,IF(F75="EIF",5.4)))))) -> 3.9
D76: 대상 데이터 입력 | F76: EI | G76: =IF(F76="","",IF(F76="EI",4,IF(F76="EO",5.2,IF(F76="EQ",3.9,IF(F76="ILF",7.5,IF(F76="EIF",5.4)))))) -> 4
D77: 대상영역 경계 추출 | F77: EO | G77: =IF(F77="","",IF(F77="EI",4,IF(F77="EO",5.2,IF(F77="EQ",3.9,IF(F77="ILF",7.5,IF(F77="EIF",5.4)))))) -> 5.2
D78: 가상격자 생성 | F78: EO | G78: =IF(F78="","",IF(F78="EI",4,IF(F78="EO",5.2,IF(F78="EQ",3.9,IF(F78="ILF",7.5,IF(F78="EIF",5.4)))))) -> 5.2
D79: 가상격자 환경정보 설정 | F79: EI | G79: =IF(F79="","",IF(F79="EI",4,IF(F79="EO",5.2,IF(F79="EQ",3.9,IF(F79="ILF",7.5,IF(F79="EIF",5.4)))))) -> 4
D80: 가상격자 데이터 점밀도 계산 | F80: EO | G80: =IF(F80="","",IF(F80="EI",4,IF(F80="EO",5.2,IF(F80="EQ",3.9,IF(F80="ILF",7.5,IF(F80="EIF",5.4)))))) -> 5.2
D81: 가상격자 데이터 분포 계산 | F81: EO | G81: =IF(F81="","",IF(F81="EI",4,IF(F81="EO",5.2,IF(F81="EQ",3.9,IF(F81="ILF",7.5,IF(F81="EIF",5.4)))))) -> 5.2
D82: 가상격자 간 데이터 이격거리 계산 | F82: EO | G82: =IF(F82="","",IF(F82="EI",4,IF(F82="EO",5.2,IF(F82="EQ",3.9,IF(F82="ILF",7.5,IF(F82="EIF",5.4)))))) -> 5.2
D83: 인접점 간의 거리 계산 | F83: EO | G83: =IF(F83="","",IF(F83="EI",4,IF(F83="EO",5.2,IF(F83="EQ",3.9,IF(F83="ILF",7.5,IF(F83="EIF",5.4)))))) -> 5.2
D84: 인접점 간의 통계정보 계산 | F84: EO | G84: =IF(F84="","",IF(F84="EI",4,IF(F84="EO",5.2,IF(F84="EQ",3.9,IF(F84="ILF",7.5,IF(F84="EIF",5.4)))))) -> 5.2
D85: 오류 후보점 선정 | F85: EI | G85: =IF(F85="","",IF(F85="EI",4,IF(F85="EO",5.2,IF(F85="EQ",3.9,IF(F85="ILF",7.5,IF(F85="EIF",5.4)))))) -> 4
D86: 상관관계 도출 | F86: EO | G86: =IF(F86="","",IF(F86="EI",4,IF(F86="EO",5.2,IF(F86="EQ",3.9,IF(F86="ILF",7.5,IF(F86="EIF",5.4)))))) -> 5.2
D87: 오류점 결정 | F87: EO | G87: =IF(F87="","",IF(F87="EI",4,IF(F87="EO",5.2,IF(F87="EQ",3.9,IF(F87="ILF",7.5,IF(F87="EIF",5.4)))))) -> 5.2
... D91: 결과 데이터 저장 | F91: EO | G91: =IF(F91="","",IF(F91="EI",4,IF(F91="EO",5.2,IF(F91="EQ",3.9,IF(F91="ILF",7.5,IF(F91="EIF",5.4)))))) -> 5.2
C92: 지면/비지면 분리 | D92: 대상 데이터 검색 | F92: EQ | G92: =IF(F92="","",IF(F92="EI",4,IF(F92="EO",5.2,IF(F92="EQ",3.9,IF(F92="ILF",7.5,IF(F92="EIF",5.4)))))) -> 3.9
D93: 대상 데이터 입력 | F93: EI | G93: =IF(F93="","",IF(F93="EI",4,IF(F93="EO",5.2,IF(F93="EQ",3.9,IF(F93="ILF",7.5,IF(F93="EIF",5.4)))))) -> 4
D94: 대상영역 경계 추출 | F94: EO | G94: =IF(F94="","",IF(F94="EI",4,IF(F94="EO",5.2,IF(F94="EQ",3.9,IF(F94="ILF",7.5,IF(F94="EIF",5.4)))))) -> 5.2
D95: 초기 대상영역 분할 | F95: EO | G95: =IF(F95="","",IF(F95="EI",4,IF(F95="EO",5.2,IF(F95="EQ",3.9,IF(F95="ILF",7.5,IF(F95="EIF",5.4)))))) -> 5.2
D96: 초기 대상영역별 최저점 추출 | F96: EO | G96: =IF(F96="","",IF(F96="EI",4,IF(F96="EO",5.2,IF(F96="EQ",3.9,IF(F96="ILF",7.5,IF(F96="EIF",5.4)))))) -> 5.2
D97: TIN 생성 | F97: EO | G97: =IF(F97="","",IF(F97="EI",4,IF(F97="EO",5.2,IF(F97="EQ",3.9,IF(F97="ILF",7.5,IF(F97="EIF",5.4)))))) -> 5.2
D98: 평면 이하점 검색 | F98: EI | G98: =IF(F98="","",IF(F98="EI",4,IF(F98="EO",5.2,IF(F98="EQ",3.9,IF(F98="ILF",7.5,IF(F98="EIF",5.4)))))) -> 4
D99: TIN 분할 | F99: EO | G99: =IF(F99="","",IF(F99="EI",4,IF(F99="EO",5.2,IF(F99="EQ",3.9,IF(F99="ILF",7.5,IF(F99="EIF",5.4)))))) -> 5.2
D100: 초기 지면모델 생성 | F100: EO | G100: =IF(F100="","",IF(F100="EI",4,IF(F100="EO",5.2,IF(F100="EQ",3.9,IF(F100="ILF",7.5,IF(F100="EIF",5.4)))))) -> 5.2
D101: 지면점 결정 파라미터 입력 | F101: EI | G101: =IF(F101="","",IF(F101="EI",4,IF(F101="EO",5.2,IF(F101="EQ",3.9,IF(F101="ILF",7.5,IF(F101="EIF",5.4)))))) -> 4
D102: 인접점 간 상관관계 계산 | F102: EO | G102: =IF(F102="","",IF(F102="EI",4,IF(F102="EO",5.2,IF(F102="EQ",3.9,IF(F102="ILF",7.5,IF(F102="EIF",5.4)))))) -> 5.2
D103: 비지면점 중 지면점 후보 선정 | F103: EI | G103: =IF(F103="","",IF(F103="EI",4,IF(F103="EO",5.2,IF(F103="EQ",3.9,IF(F103="ILF",7.5,IF(F103="EIF",5.4)))))) -> 4
D104: 지면점 복원 | F104: EO | G104: =IF(F104="","",IF(F104="EI",4,IF(F104="EO",5.2,IF(F104="EQ",3.9,IF(F104="ILF",7.5,IF(F104="EIF",5.4)))))) -> 5.2
... D108: 결과 데이터 저장 | F108: EI | G108: =IF(F108="","",IF(F108="EI",4,IF(F108="EO",5.2,IF(F108="EQ",3.9,IF(F108="ILF",7.5,IF(F108="EIF",5.4)))))) -> 4
...

Sheet 3.플랫폼 운영관리
B1: "산림공간 디지털플랫폼 사업_플랫폼 운영관리" 소프트웨어 개발비 산정
L2: (소프트웨어사업 대가산정 가이드, 2022. KOSA)
B4: ○ 개발원가 산정 | L4: (단위 : 원)
B5: 총기능점수 | D5: 기능점수당 단가 | F5: 보정계수 | K5: 개발원가
F6: 규모 | G6: 연계복잡성 | H6: 성능 | I6: 운영환경 | J6: 보안성
B7: =J30 -> 392.1 | D7: 605784 | F7: =K21 -> 1.28 | G7: =K22 -> 1 | H7: =K23 -> 1.05 | I7: =K24 -> 1.13 | J7: =K25 -> 1.03 | K7: =PRODUCT(B7:J7) -> 3.7156053e+08
B8: 합계(보정 후 개발원가) | K8: =SUM(K7:L7) -> 3.7156053e+08
B9: 이윤 | J9: 0.2 | K9: =K8*J9 -> 74312107
B10: 직접경비 | K10: =K17 -> 0
B11: 소프트웨어 개발비(부가세 별도) | K11: =SUM(K8:L10) -> 4.4587264e+08
B13: ○ 직접경비 | L13: (단위 : 원)
B14: 구분 | D14: 산출내역 | K14: 금액
B17: 합 계 | K17: =SUM(K15:L16) -> 0
B19: ○ 보정계수 산정
B20: 보정계수 구분 | D20: 복잡도 및 난이도 수준 | K20: 보정계수
B21: SW규모 | D21: ="= 0.4057 x (log e("&B7&") - 7.1978)^2 + 0.8878 (단, 500FP 미만 1.28, 3,000FP 초과 1.153 적용)" -> = 0.4057 x (log e(392.1) - 7.1978)^2 + 0.8878 (단, 500FP 미만 1.28, 3,000FP 초과 1.153 적용) | K21: =IF(B7<500,1.28,IF(B7>3000,1.153,0.4057*(LN(B7)-7.1978)^2+0.8878)) -> 1.28
B22: 연계복잡성 | D22: 3. 3~5개의 타 기관 연계 | K22: =VLOOKUP(D22,N22:O26,2,1) -> 1 | N22: 1. 타 기관 연계 없음 | O22: 0.88
B23: 성능 요구수준 | D23: 4. 응답시간이나 처리율이 모든 업무시간에 중요하며, 처리 시한이 명시되어 있다. | K23: =VLOOKUP(D23,N27:O31,2,1) -> 1.05 | N23: 2. 1~2개의 타 기관 연계 | O23: 0.94
B24: 운영환경 호환성 | D24: 4. 운영환경 호환성에 대한 요구사항이 있으며, 이질적인 하드웨어 및 소프트웨어 환경에서 운영되도록 설계된다. | K24: =VLOOKUP(D24,N32:O36,2,1) -> 1.13 | N24: 3. 3~5개의 타 기관 연계 | O24: 1
B25: 보안성 요구수준 | D25: 3. 3가지 요구사항이 포함되어 있다. | K25: =VLOOKUP(D25,N37:O41,2,1) -> 1.03 | N25: 4. 6~10개의 타 기관 연계 | O25: 1.06
N26: 5. 10개 초과의 타 기관 연계 | O26: 1.12
B27: ○ FP 집계 | N27: 1. 응답성능에 대한 특별한 요구사항이 없다. | O27: 0.91
B28: 구분 | E28: ILF | F28: EIF | G28: EI | H28: EO | I28: EQ | J28: 계 | N28: 2. 응답성능에 대한 요구사항이 있으나 특별한 조치가 필요하지는 않다. | O28: 0.95
B29: 기능수 | E29: =COUNTIF('3-1.FP산정(간이법)'!$F$5:$F10279,"ILF") -> 11 | F29: =COUNTIF('3-1.FP산정(간이법)'!$F$5:$F10279,"EIF") -> 1 | G29: =COUNTIF('3-1.FP산정(간이법)'!$F$5:$F10279,"EI") -> 39 | H29: =COUNTIF('3-1.FP산정(간이법)'!$F$5:$F10279,"EO") -> 6 | I29: =COUNTIF('3-1.FP산정(간이법)'!$F$5:$F10279,"EQ") -> 30 | J29: =SUM(E29:I29) -> 87 | N29: 3. 응답시간이나 처리율이 피크타임(peak time)에 중요하며, 처리 시한이 명시되어 있다. | O29: 1
B30: 기능점수 | E30: =SUMIF('3-1.FP산정(간이법)'!$F$5:$F10279,"ILF",'3-1.FP산정(간이법)'!$G$5:$G10279) -> 82.5 | F30: =SUMIF('3-1.FP산정(간이법)'!$F$5:$F10279,"EIF",'3-1.FP산정(간이법)'!$G$5:$G10279) -> 5.4 | G30: =SUMIF('3-1.FP산정(간이법)'!$F$5:$F10279,"EI",'3-1.FP산정(간이법)'!$G$5:$G10279) -> 156 | H30: =SUMIF('3-1.FP산정(간이법)'!$F$5:$F10279,"EO",'3-1.FP산정(간이법)'!$G$5:$G10279) -> 31.2 | I30: =SUMIF('3-1.FP산정(간이법)'!$F$5:$F10279,"EQ",'3-1.FP산정(간이법)'!$G$5:$G10279) -> 117 | J30: =SUM(E30:I30) -> 392.1 | N30: 4. 응답시간이나 처리율이 모든 업무시간에 중요하며, 처리 시한이 명시되어 있다. | O30: 1.05
B31: 비중 | E31: =IF($J$30>0,E30/$J$30,"-") -> 0.21040551 | F31: =IF($J$30>0,F30/$J$30,"-") -> 0.013771997 | G31: =IF($J$30>0,G30/$J$30,"-") -> 0.39785769 | H31: =IF($J$30>0,H30/$J$30,"-") -> 0.079571538 | I31: =IF($J$30>0,I30/$J$30,"-") -> 0.29839327 | J31: =SUM(E31:I31) -> 1 | N31: 5. 응답성능 요구수준이 엄격하여, 설계, 개발 또는 구현 단계에서 성능 분석도구 사용이 필요하다. | O31: 1.09
N32: 1. 운영환경 호환성에 대한 요구사항이 없다. | O32: 0.94
N33: 2. 운영환경 호환성에 대한 요구사항이 있으며, 동일 하드웨어 및 소프트웨어 환경에서 운영되도록 설계된다. | O33: 1
N34: 3. 운영환경 호환성에 대한 요구사항이 있으며, 유사 하드웨어 및 소프트웨어 환경에서 운영되도록 설계된다. | O34: 1.06
N35: 4. 운영환경 호환성에 대한 요구사항이 있으며, 이질적인 하드웨어 및 소프트웨어 환경에서 운영되도록 설계된다. | O35: 1.13
N36: 5. 항목 4에 더하여 일반적 산출물 이외에 장소에서 원활한 운영을 보장하기 위한 운영 절차의 문서화와 사전 모의훈련이 요구된다. | O36: 1.19
N37: 1. 암호화, 웹취약점 점검, 시큐어코딩, 개인정보보호 등 1가지 보안 요구사항이 포함되어 있다. | O37: 0.97
N38: 2. 2가지 요구사항이 포함되어 있다. | O38: 1
N39: 3. 3가지 요구사항이 포함되어 있다. | O39: 1.03
N40: 4. 4가지 항목이 모두 포함되어 있다. | O40: 1.06
N41: 5. 5가지 이상의 보안 요구사항이 포함되어 있다. | O41: 1.08

Sheet 3-1.FP산정(간이법)
B1: 기능점수 산정 (간이법)
B3: 기능명 | F3: 데이터 및 트랜잭션 기능 | G3: FP 산출 | H3: 비고
B4: ①어플리케이션명 | C4: ②세부 업무명 | D4: ③단위프로세스명 | E4: 단위프로세스 설명 | F4: ④FP유형 | G4: ⑤가중치
B5: 운영관리 | C5: 사용자 관리 | D5: 사용자 정보 | F5: ILF | G5: =IF(F5="","",IF(F5="EI",4,IF(F5="EO",5.2,IF(F5="EQ",3.9,IF(F5="ILF",7.5,IF(F5="EIF",5.4)))))) -> 7.5
B6: 운영관리 | C6: 사용자 관리 | D6: 사용자 목록조회 | F6: EQ | G6: =IF(F6="","",IF(F6="EI",4,IF(F6="EO",5.2,IF(F6="EQ",3.9,IF(F6="ILF",7.5,IF(F6="EIF",5.4)))))) -> 3.9
B7: 운영관리 | C7: 사용자 관리 | D7: 사용자 상세조회 | F7: EQ | G7: =IF(F7="","",IF(F7="EI",4,IF(F7="EO",5.2,IF(F7="EQ",3.9,IF(F7="ILF",7.5,IF(F7="EIF",5.4)))))) -> 3.9
B8: 운영관리 | C8: 사용자 관리 | D8: 사용자 추가(등록) | F8: EI | G8: =IF(F8="","",IF(F8="EI",4,IF(F8="EO",5.2,IF(F8="EQ",3.9,IF(F8="ILF",7.5,IF(F8="EIF",5.4)))))) -> 4
B9: 운영관리 | C9: 사용자 관리 | D9: 사용자 수정 | F9: EI | G9: =IF(F9="","",IF(F9="EI",4,IF(F9="EO",5.2,IF(F9="EQ",3.9,IF(F9="ILF",7.5,IF(F9="EIF",5.4)))))) -> 4
B10: 운영관리 | C10: 사용자 관리 | D10: 사용자 삭제 | F10: EI | G10: =IF(F10="","",IF(F10="EI",4,IF(F10="EO",5.2,IF(F10="EQ",3.9,IF(F10="ILF",7.5,IF(F10="EIF",5.4)))))) -> 4
B11: 운영관리 | C11: 사용자 권한관리 | D11: 사용자 권한 정보 | F11: ILF | G11: =IF(F11="","",IF(F11="EI",4,IF(F11="EO",5.2,IF(F11="EQ",3.9,IF(F11="ILF",7.5,IF(F11="EIF",5.4)))))) -> 7.5
B12: 운영관리 | C12: 사용자 권한관리 | D12: 사용자 권한 목록조회 | F12: EQ | G12: =IF(F12="","",IF(F12="EI",4,IF(F12="EO",5.2,IF(F12="EQ",3.9,IF(F12="ILF",7.5,IF(F12="EIF",5.4)))))) -> 3.9
B13: 운영관리 | C13: 사용자 권한관리 | D13: 사용자 권한 상세조회 | F13: EQ | G13: =IF(F13="","",IF(F13="EI",4,IF(F13="EO",5.2,IF(F13="EQ",3.9,IF(F13="ILF",7.5,IF(F13="EIF",5.4)))))) -> 3.9
B14: 운영관리 | C14: 사용자 권한관리 | D14: 사용자 권한 등록 | F14: EI | G14: =IF(F14="","",IF(F14="EI",4,IF(F14="EO",5.2,IF(F14="EQ",3.9,IF(F14="ILF",7.5,IF(F14="EIF",5.4)))))) -> 4
B15: 운영관리 | C15: 사용자 권한관리 | D15: 사용자 권한 수정 | F15: EI | G15: =IF(F15="","",IF(F15="EI",4,IF(F15="EO",5.2,IF(F15="EQ",3.9,IF(F15="ILF",7.5,IF(F15="EIF",5.4)))))) -> 4
B16: 운영관리 | C16: 사용자 권한관리 | D16: 사용자 권한 삭제 | F16: EI | G16: =IF(F16="","",IF(F16="EI",4,IF(F16="EO",5.2,IF(F16="EQ",3.9,IF(F16="ILF",7.5,IF(F16="EIF",5.4)))))) -> 4
... B35: 운영관리 | C35: 공간정보 권한 관리 | D35: 공간데이터 권한 삭제 | F35: EI | G35: =IF(F35="","",IF(F35="EI",4,IF(F35="EO",5.2,IF(F35="EQ",3.9,IF(F35="ILF",7.5,IF(F35="EIF",5.4)))))) -> 4
B36: 운영관리 | C36: 공통코드 관리 | D36: 공통코드 관리 DB | E36: 코드정보 DB | F36: ILF | G36: =IF(F36="","",IF(F36="EI",4,IF(F36="EO",5.2,IF(F36="EQ",3.9,IF(F36="ILF",7.5,IF(F36="EIF",5.4)))))) -> 7.5
B37: 운영관리 | C37: 공통코드 관리 | D37: 공통코드 그룹 목록 조회 | E37: 공통코드 그룹 목록을 조회한다. | F37: EQ | G37: =IF(F37="","",IF(F37="EI",4,IF(F37="EO",5.2,IF(F37="EQ",3.9,IF(F37="ILF",7.5,IF(F37="EIF",5.4)))))) -> 3.9
B38: 운영관리 | C38: 공통코드 관리 | D38: 공통코드 그룹 상세정보 조회 | E38: 공통코드 그룹을 상세정보 조회한다. | F38: EQ | G38: =IF(F38="","",IF(F38="EI",4,IF(F38="EO",5.2,IF(F38="EQ",3.9,IF(F38="ILF",7.5,IF(F38="EIF",5.4)))))) -> 3.9
B39: 운영관리 | C39: 공통코드 관리 | D39: 공통코드 그룹 등록 | E39: 공통코드 그룹을 신규 등록한다. | F39: EI | G39: =IF(F39="","",IF(F39="EI",4,IF(F39="EO",5.2,IF(F39="EQ",3.9,IF(F39="ILF",7.5,IF(F39="EIF",5.4)))))) -> 4
B40: 운영관리 | C40: 공통코드 관리 | D40: 공통코드 그룹 수정 | E40: 공통코드 그룹을 수정한다. | F40: EI | G40: =IF(F40="","",IF(F40="EI",4,IF(F40="EO",5.2,IF(F40="EQ",3.9,IF(F40="ILF",7.5,IF(F40="EIF",5.4)))))) -> 4
B41: 운영관리 | C41: 공통코드 관리 | D41: 공통코드 그룹 삭제 | E41: 공통코드 그룹을 삭제한다. | F41: EI | G41: =IF(F41="","",IF(F41="EI",4,IF(F41="EO",5.2,IF(F41="EQ",3.9,IF(F41="ILF",7.5,IF(F41="EIF",5.4)))))) -> 4
B42: 운영관리 | C42: 공통코드 관리 | D42: 상세코드 정보 등록 | E42: 상세코드 정보를 신규 등록한다. | F42: EI | G42: =IF(F42="","",IF(F42="EI",4,IF(F42="EO",5.2,IF(F42="EQ",3.9,IF(F42="ILF",7.5,IF(F42="EIF",5.4)))))) -> 4
B43: 운영관리 | C43: 공통코드 관리 | D43: 상세코드 정보 수정 | E43: 상세코드 정보를 수정한다. | F43: EI | G43: =IF(F43="","",IF(F43="EI",4,IF(F43="EO",5.2,IF(F43="EQ",3.9,IF(F43="ILF",7.5,IF(F43="EIF",5.4)))))) -> 4
B44: 운영관리 | C44: 공통코드 관리 | D44: 상세코드 정보 삭제 | E44: 상세코드 정보를 삭제한다. | F44: EI | G44: =IF(F44="","",IF(F44="EI",4,IF(F44="EO",5.2,IF(F44="EQ",3.9,IF(F44="ILF",7.5,IF(F44="EIF",5.4)))))) -> 4
B45: 운영관리 | C45: 메뉴 관리 | D45: 메뉴 관리정보 DB | E45: 메뉴관리정보 DB | F45: ILF | G45: =IF(F45="","",IF(F45="EI",4,IF(F45="EO",5.2,IF(F45="EQ",3.9,IF(F45="ILF",7.5,IF(F45="EIF",5.4)))))) -> 7.5
B46: 운영관리 | C46: 메뉴 관리 | D46: 메뉴 목록 조회 | E46: 메뉴관리 목록을 조회한다. | F46: EQ | G46: =IF(F46="","",IF(F46="EI",4,IF(F46="EO",5.2,IF(F46="EQ",3.9,IF(F46="ILF",7.5,IF(F46="EIF",5.4)))))) -> 3.9
B47: 운영관리 | C47: 메뉴 관리 | D47: 메뉴 상세 조회 | E47: 메뉴관리 상세정보 조회를 한다. | F47: EQ | G47: =IF(F47="","",IF(F47="EI",4,IF(F47="EO",5.2,IF(F47="EQ",3.9,IF(F47="ILF",7.5,IF(F47="EIF",5.4)))))) -> 3.9
... B78: 운영관리 | C78: Q&A 관리 | D78: Q&A 삭제 | E78: 잘못된 Q&A건은 관리자가 삭제할 수 있다. | F78: EI | G78: =IF(F78="","",IF(F78="EI",4,IF(F78="EO",5.2,IF(F78="EQ",3.9,IF(F78="ILF",7.5,IF(F78="EIF",5.4)))))) -> 4
B79: 운영관리 | C79: 플랫폼 API 관리 | D79: 플랫폼 API 정보 | F79: ILF | G79: =IF(F79="","",IF(F79="EI",4,IF(F79="EO",5.2,IF(F79="EQ",3.9,IF(F79="ILF",7.5,IF(F79="EIF",5.4)))))) -> 7.5
B80: 운영관리 | C80: 플랫폼 API 관리 | D80: 플랫폼 API 목록조회 | F80: EQ | G80: =IF(F80="","",IF(F80="EI",4,IF(F80="EO",5.2,IF(F80="EQ",3.9,IF(F80="ILF",7.5,IF(F80="EIF",5.4)))))) -> 3.9
B81: 운영관리 | C81: 플랫폼 API 관리 | D81: 플랫폼 API 상세조회 | F81: EQ | G81: =IF(F81="","",IF(F81="EI",4,IF(F81="EO",5.2,IF(F81="EQ",3.9,IF(F81="ILF",7.5,IF(F81="EIF",5.4)))))) -> 3.9
B82: 운영관리 | C82: 플랫폼 API 관리 | D82: 플랫폼 API 등록 | E82: 외부기관(시스템)에서 사용할 API에 대해 등록하고 사용제한 등을 설정한다. | F82: EI | G82: =IF(F82="","",IF(F82="EI",4,IF(F82="EO",5.2,IF(F82="EQ",3.9,IF(F82="ILF",7.5,IF(F82="EIF",5.4)))))) -> 4
B83: 운영관리 | C83: 플랫폼 API 관리 | D83: 플랫폼 API 수정 | F83: EI | G83: =IF(F83="","",IF(F83="EI",4,IF(F83="EO",5.2,IF(F83="EQ",3.9,IF(F83="ILF",7.5,IF(F83="EIF",5.4)))))) -> 4
B84: 운영관리 | C84: 플랫폼 API 관리 | D84: 플랫폼 API 삭제 | F84: EI | G84: =IF(F84="","",IF(F84="EI",4,IF(F84="EO",5.2,IF(F84="EQ",3.9,IF(F84="ILF",7.5,IF(F84="EIF",5.4)))))) -> 4
B85: 운영관리 | C85: API 요청 관리 | D85: API 요청 정보 | F85: ILF | G85: =IF(F85="","",IF(F85="EI",4,IF(F85="EO",5.2,IF(F85="EQ",3.9,IF(F85="ILF",7.5,IF(F85="EIF",5.4)))))) -> 7.5
B86: 운영관리 | C86: API 요청 관리 | D86: API 요청 목록조회 | F86: EQ | G86: =IF(F86="","",IF(F86="EI",4,IF(F86="EO",5.2,IF(F86="EQ",3.9,IF(F86="ILF",7.5,IF(F86="EIF",5.4)))))) -> 3.9
B87: 운영관리 | C87: API 요청 관리 | D87: API 요청 상세조회 | F87: EQ | G87: =IF(F87="","",IF(F87="EI",4,IF(F87="EO",5.2,IF(F87="EQ",3.9,IF(F87="ILF",7.5,IF(F87="EIF",5.4)))))) -> 3.9
B88: 운영관리 | C88: API 요청 관리 | D88: API 사용 승인 | E88: 플랫폼 API 요청에 의한 승인 및 인증키를 발급한다. | F88: EI | G88: =IF(F88="","",IF(F88="EI",4,IF(F88="EO",5.2,IF(F88="EQ",3.9,IF(F88="ILF",7.5,IF(F88="EIF",5.4)))))) -> 4
B89: 운영관리 | C89: API 요청 관리 | D89: API 사용 삭제 | F89: EI | G89: =IF(F89="","",IF(F89="EI",4,IF(F89="EO",5.2,IF(F89="EQ",3.9,IF(F89="ILF",7.5,IF(F89="EIF",5.4)))))) -> 4
B90: 운영관리 | C90: API 모니터링 | D90: API 월/일별 사용량 통계 조회 | F90: EO | G90: =IF(F90="","",IF(F90="EI",4,IF(F90="EO",5.2,IF(F90="EQ",3.9,IF(F90="ILF",7.5,IF(F90="EIF",5.4)))))) -> 5.2
B91: 운영관리 | C91: API 모니터링 | D91: API 실시간 사용량 조회 | F91: EO | G91: =IF(F91="","",IF(F91="EI",4,IF(F91="EO",5.2,IF(F91="EQ",3.9,IF(F91="ILF",7.5,IF(F91="EIF",5.4)))))) -> 5.2
G7812: =IF(F7812="","",IF(F7812="EI",4,IF(F7812="EO",5.2,IF(F7812="EQ",3.9,IF(F7812="ILF",7.5,IF(F7812="EIF",5.4))))))
G7813: =IF(F7813="","",IF(F7813="EI",4,IF(F7813="EO",5.2,IF(F7813="EQ",3.9,IF(F7813="ILF",7.5,IF(F7813="EIF",5.4))))))
G7814: =IF(F7814="","",IF(F7814="EI",4,IF(F7814="EO",5.2,IF(F7814="EQ",3.9,IF(F7814="ILF",7.5,IF(F7814="EIF",5.4))))))
G7815: =IF(F7815="","",IF(F7815="EI",4,IF(F7815="EO",5.2,IF(F7815="EQ",3.9,IF(F7815="ILF",7.5,IF(F7815="EIF",5.4))))))
G7816: =IF(F7816="","",IF(F7816="EI",4,IF(F7816="EO",5.2,IF(F7816="EQ",3.9,IF(F7816="ILF",7.5,IF(F7816="EIF",5.4))))))
G7817: =IF(F7817="","",IF(F7817="EI",4,IF(F7817="EO",5.2,IF(F7817="EQ",3.9,IF(F7817="ILF",7.5,IF(F7817="EIF",5.4))))))
G7818: =IF(F7818="","",IF(F7818="EI",4,IF(F7818="EO",5.2,IF(F7818="EQ",3.9,IF(F7818="ILF",7.5,IF(F7818="EIF",5.4))))))
G7819: =IF(F7819="","",IF(F7819="EI",4,IF(F7819="EO",5.2,IF(F7819="EQ",3.9,IF(F7819="ILF",7.5,IF(F7819="EIF",5.4))))))
G7820: =IF(F7820="","",IF(F7820="EI",4,IF(F7820="EO",5.2,IF(F7820="EQ",3.9,IF(F7820="ILF",7.5,IF(F7820="EIF",5.4))))))
G7821: =IF(F7821="","",IF(F7821="EI",4,IF(F7821="EO",5.2,IF(F7821="EQ",3.9,IF(F7821="ILF",7.5,IF(F7821="EIF",5.4))))))
G7822: =IF(F7822="","",IF(F7822="EI",4,IF(F7822="EO",5.2,IF(F7822="EQ",3.9,IF(F7822="ILF",7.5,IF(F7822="EIF",5.4))))))
G7823: =IF(F7823="","",IF(F7823="EI",4,IF(F7823="EO",5.2,IF(F7823="EQ",3.9,IF(F7823="ILF",7.5,IF(F7823="EIF",5.4))))))
... G10226: =IF(F10226="","",IF(F10226="EI",4,IF(F10226="EO",5.2,IF(F10226="EQ",3.9,IF(F10226="ILF",7.5,IF(F10226="EIF",5.4))))))

Sheet 4.2D 및 3D 특화서비스
B1: "산림공간 디지털플랫폼 사업_2D,3D 특화서비스" 소프트웨어 재개발비 산정
N2: (소프트웨어사업 대가산정 가이드, 2024. KOSA)
B4: ○ 재개발비 산정 | N4: (단위 : 원)
B5: 신규개발 | E5: 신규개발 기능 규모 | G5: ='4-1.FP산정(재개발, 간이법)'!K2 -> 185.4
B6: 수정없이 재사용 | E6: 수정없이 재사용 대상 기능 규모 | G6: ='4-1.FP산정(재개발, 간이법)'!K5 -> 0 | J6: 시험단계 비율 (0~25%) | M6: 0.25
E7: 수정없이 재사용 기능 규모 | G7: =G6*M6 -> 0
B8: 수정 후 재사용 | E8: 기능변경 규모 | G8: ='4-1.FP산정(재개발, 간이법)'!K3 -> 444.8
E9: 재사용 난이도 | G9: =1+((L9+L10)/2)/100*0.8 -> 1.28 | I9: 구조화 및 애플리케이션 명확화 정도 | L9: =HLOOKUP(N9,P9:T10,2,FALSE) -> 40 | N9: 어려움 | P9: 매우 어려움 | Q9: 어려움 | R9: 보통 | S9: 쉬움 | T9: 매우 쉬움
I10: 문서화 및 소스코드 서술화 정도 | L10: =HLOOKUP(N10,P9:T10,2,0) -> 30 | N10: 보통 | P10: 50 | Q10: 40 | R10: 30 | S10: 20 | T10: 10
E11: 수정 후 재사용 기능 규모 | G11: =G8*G9 -> 569.344
B12: 재개발 기능 규모 | E12: =G5+G7+G11 -> 754.744 | K12: 기능점수당 단가 | M12: 605784
B13: 보정전 재개발원가 | E13: =E12*M12 -> 4.5721184e+08
B14: 보정계수 | E14: 규모 | G14: 연계복잡성 | I14: 성능 | K14: 운영환경 호환성 | M14: 보안성
E15: =M32 -> 1.0202701 | G15: =M33 -> 1 | I15: =M34 -> 1.05 | K15: =M35 -> 1.13 | M15: =M36 -> 1.03
B16: 보정후 재개발원가 | E16: =E13*E15*G15*I15*K15*M15 -> 5.7008237e+08
B17: 직접경비 | E17: =M28 -> 0
B18: 이윤 | D18: 0.2 | E18: =E16*D18 -> 1.1401647e+08
B19: 재개발 사업대가 (부가세 별도) | E19: =SUM(E16:N18) -> 6.8409884e+08
B20: 재개발 사업대가 (부가세 포함) | E20: =E19*1.1 -> 7.5250873e+08
B23: ○ 직접경비 | N23: (단위 : 원)
B24: 항목 | E24: 산출내역 | M24: 금액
B28: 합 계 | M28: =SUM(M25:N27) -> 0
B30: ※ 보정계수 산정
B31: 보정계수 구분 | E31: 복잡도 및 난이도 수준 | M31: 보정계수
B32: SW규모 | E32: ="= 0.4057 x (log e("&E12&") - 7.1978)^2 + 0.8878 (단, 500FP 미만 1.28, 3,000FP 초과 1.153 적용)" -> = 0.4057 x (log e(754.744) - 7.1978)^2 + 0.8878 (단, 500FP 미만 1.28, 3,000FP 초과 1.153 적용) | M32: =IF(E12<500,1.28,IF(E12>3000,1.153,0.4057*(LN(E12)-7.1978)^2+0.8878)) -> 1.0202701
B33: 연계복잡성 | E33: 3. 3~5개의 타 기관 연계 | M33: =VLOOKUP(E33,P33:Q37,2,1) -> 1 | P33: 1. 타 기관 연계 없음 | Q33: 0.88
B34: 성능 요구수준 | E34: 4. 응답시간이나 처리율이 모든 업무시간에 중요하며, 처리 시한이 명시되어 있다. | M34: =VLOOKUP(E34,P38:Q42,2,1) -> 1.05 | P34: 2. 1~2개의 타 기관 연계 | Q34: 0.94
B35: 운영환경 호환성 | E35: 4. 운영환경 호환성에 대한 요구사항이 있으며, 이질적인 하드웨어 및 소프트웨어 환경에서 운영되도록 설계된다. | M35: =VLOOKUP(E35,P43:Q47,2,1) -> 1.13 | P35: 3. 3~5개의 타 기관 연계 | Q35: 1
B36: 보안성 요구수준 | E36: 3. 3가지 요구사항이 포함되어 있다. | M36: =VLOOKUP(E36,P48:Q52,2,1) -> 1.03 | P36: 4. 6~10개의 타 기관 연계 | Q36: 1.06
P37: 5. 10개 초과의 타 기관 연계 | Q37: 1.12
P38: 1. 응답성능에 대한 특별한 요구사항이 없다. | Q38: 0.91
P39: 2. 응답성능에 대한 요구사항이 있으나 특별한 조치가 필요하지는 않다. | Q39: 0.95
P40: 3. 응답시간이나 처리율이 피크타임(peak time)에 중요하며, 처리 시한이 명시되어 있다. | Q40: 1
P41: 4. 응답시간이나 처리율이 모든 업무시간에 중요하며, 처리 시한이 명시되어 있다. | Q41: 1.05
P42: 5. 응답성능 요구수준이 엄격하여, 설계, 개발 또는 구현 단계에서 성능 분석도구 사용이 필요하다. | Q42: 1.09
P43: 1. 운영환경 호환성에 대한 요구사항이 없다. | Q43: 0.94
P44: 2. 운영환경 호환성에 대한 요구사항이 있으며, 동일 하드웨어 및 소프트웨어 환경에서 운영되도록 설계된다. | Q44: 1
P45: 3. 운영환경 호환성에 대한 요구사항이 있으며, 유사 하드웨어 및 소프트웨어 환경에서 운영되도록 설계된다. | Q45: 1.06
P46: 4. 운영환경 호환성에 대한 요구사항이 있으며, 이질적인 하드웨어 및 소프트웨어 환경에서 운영되도록 설계된다. | Q46: 1.13
P47: 5. 항목 4에 더하여 일반적 산출물 이외에 장소에서 원활한 운영을 보장하기 위한 운영 절차의 문서화와 사전 모의훈련이 요구된다. | Q47: 1.19
P48: 1. 암호화, 웹취약점 점검, 시큐어코딩, 개인정보보호 등 1가지 보안 요구사항이 포함되어 있다. | Q48: 0.97
... P52: 5. 5가지 이상의 보안 요구사항이 포함되어 있다. | Q52: 1.08

Sheet 4-1.FP산정(재개발, 간이법)
B2: 기능점수 산정 | J2: 신규개발 | K2: =SUMIF(J:J,J2,I:I) -> 185.4
J3: 기능변경 | K3: =SUMIF(J:J,J3,Q:Q) -> 444.8
J4: 기능삭제 | K4: 측정 비대상
J5: 수정없이 재사용 | K5: =SUMIF(J:J,J5,I:I) -> 0
F6: EIF | G6: = 관리주체가 외부에 있으므로 기능변경 측정 대상이 아님에 유의
B7: 기능명 | F7: 데이터 및 트랜잭션 기능 | I7: FP 산출 | J7: 재사용유형 | K7: FTR 변경량 | L7: DET 변경량 | M7: FTR 변경률 | N7: DET 변경률 | O7: 기능 변경률 | P7: 영향 계수 | Q7: 재사용 기능점수 | R7: 비고
B8: ①어플리케이션명 | C8: ②세부 업무명 | D8: ③단위프로세스명 | E8: 단위프로세스 설명 | F8: ④FP유형 | G8: ⑤FTR | H8: ⑥DET | I8: ⑧가중치
B9: □ 2D 지도 Community | I9: =IF(F9="","",IF(F9="EI",4,IF(F9="EO",5.2,IF(F9="EQ",3.9,IF(F9="ILF",7.5,IF(F9="EIF",5.4)))))) | M9: =IFERROR(IF(J9="기능변경",K9/G9,""),"") | N9: =IFERROR(IF(J9="기능변경",L9/H9,""),"") | O9: =IF(J9="기능변경",IF(F9="ILF",N9,IF(F9="EIF","재검토",IF(M9=0,N9,IF(N9=0,M9,(M9+N9)/2)))),"") | P9: =IF(O9<>0,IF(J9="기능변경",IF(O9<=0.33,0.25,IF(O9>0.66,0.75,0.5)),IF(J9="기능삭제",0,"")),"") | Q9: =IFERROR(I9*P9,"")
B10: 기본 도구 제공 | C10: 지오코딩 | D10: EXCEL 파일 지오코딩 | E10: EXCEL 파일 지오코딩 기능을 제공한다. | F10: EQ | G10: 4 | H10: 4 | I10: =IF(F10="","",IF(F10="EI",4,IF(F10="EO",5.2,IF(F10="EQ",3.9,IF(F10="ILF",7.5,IF(F10="EIF",5.4)))))) -> 3.9 | J10: 기능변경 | K10: 1 | L10: 1 | M10: =IFERROR(IF(J10="기능변경",K10/G10,""),"") -> 0.25 | N10: =IFERROR(IF(J10="기능변경",L10/H10,""),"") -> 0.25 | O10: =IF(J10="기능변경",IF(F10="ILF",N10,IF(F10="EIF","재검토",IF(M10=0,N10,IF(N10=0,M10,(M10+N10)/2)))),"") -> 0.25 | P10: =IF(O10<>0,IF(J10="기능변경",IF(O10<=0.33,0.25,IF(O10>0.66,0.75,0.5)),IF(J10="기능삭제",0,"")),"") -> 0.25 | Q10: =IFERROR(I10*P10,"") -> 0.975
B11: 기본 도구 제공 | C11: 지오코딩 | D11: CSV 파일 지오코딩 | E11: CSV 파일 지오코딩 기능을 제공한다. | F11: EQ | G11: 4 | H11: 4 | I11: =IF(F11="","",IF(F11="EI",4,IF(F11="EO",5.2,IF(F11="EQ",3.9,IF(F11="ILF",7.5,IF(F11="EIF",5.4)))))) -> 3.9 | J11: 기능변경 | K11: 1 | L11: 1 | M11: =IFERROR(IF(J11="기능변경",K11/G11,""),"") -> 0.25 | N11: =IFERROR(IF(J11="기능변경",L11/H11,""),"") -> 0.25 | O11: =IF(J11="기능변경",IF(F11="ILF",N11,IF(F11="EIF","재검토",IF(M11=0,N11,IF(N11=0,M11,(M11+N11)/2)))),"") -> 0.25 | P11: =IF(O11<>0,IF(J11="기능변경",IF(O11<=0.33,0.25,IF(O11>0.66,0.75,0.5)),IF(J11="기능삭제",0,"")),"") -> 0.25 | Q11: =IFERROR(I11*P11,"") -> 0.975
B12: 기본 도구 제공 | C12: 공간정보 파일 업로드 | D12: SHP 압축파일 업로드 | E12: SHP 압축파일 업로드 기능을 제공한다. | F12: EQ | G12: 4 | H12: 4 | I12: =IF(F12="","",IF(F12="EI",4,IF(F12="EO",5.2,IF(F12="EQ",3.9,IF(F12="ILF",7.5,IF(F12="EIF",5.4)))))) -> 3.9 | J12: 기능변경 | K12: 1 | L12: 1 | M12: =IFERROR(IF(J12="기능변경",K12/G12,""),"") -> 0.25 | N12: =IFERROR(IF(J12="기능변경",L12/H12,""),"") -> 0.25 | O12: =IF(J12="기능변경",IF(F12="ILF",N12,IF(F12="EIF","재검토",IF(M12=0,N12,IF(N12=0,M12,(M12+N12)/2)))),"") -> 0.25 | P12: =IF(O12<>0,IF(J12="기능변경",IF(O12<=0.33,0.25,IF(O12>0.66,0.75,0.5)),IF(J12="기능삭제",0,"")),"") -> 0.25 | Q12: =IFERROR(I12*P12,"") -> 0.975
B13: 기본 도구 제공 | C13: 공간정보 파일 업로드 | D13: DXF 파일 업로드 | E13: DXF 파일 업로드 기능을 제공한다. | F13: EQ | G13: 4 | H13: 4 | I13: =IF(F13="","",IF(F13="EI",4,IF(F13="EO",5.2,IF(F13="EQ",3.9,IF(F13="ILF",7.5,IF(F13="EIF",5.4)))))) -> 3.9 | J13: 기능변경 | K13: 1 | L13: 1 | M13: =IFERROR(IF(J13="기능변경",K13/G13,""),"") -> 0.25 | N13: =IFERROR(IF(J13="기능변경",L13/H13,""),"") -> 0.25 | O13: =IF(J13="기능변경",IF(F13="ILF",N13,IF(F13="EIF","재검토",IF(M13=0,N13,IF(N13=0,M13,(M13+N13)/2)))),"") -> 0.25 | P13: =IF(O13<>0,IF(J13="기능변경",IF(O13<=0.33,0.25,IF(O13>0.66,0.75,0.5)),IF(J13="기능삭제",0,"")),"") -> 0.25 | Q13: =IFERROR(I13*P13,"") -> 0.975
B14: 기본 도구 제공 | C14: 공간정보 파일 업로드 | D14: TIF 파일 업로드 | E14: TIF 파일 업로드 기능을 제공한다. | F14: EQ | G14: 4 | H14: 4 | I14: =IF(F14="","",IF(F14="EI",4,IF(F14="EO",5.2,IF(F14="EQ",3.9,IF(F14="ILF",7.5,IF(F14="EIF",5.4)))))) -> 3.9 | J14: 기능변경 | K14: 1 | L14: 1 | M14: =IFERROR(IF(J14="기능변경",K14/G14,""),"") -> 0.25 | N14: =IFERROR(IF(J14="기능변경",L14/H14,""),"") -> 0.25 | O14: =IF(J14="기능변경",IF(F14="ILF",N14,IF(F14="EIF","재검토",IF(M14=0,N14,IF(N14=0,M14,(M14+N14)/2)))),"") -> 0.25 | P14: =IF(O14<>0,IF(J14="기능변경",IF(O14<=0.33,0.25,IF(O14>0.66,0.75,0.5)),IF(J14="기능삭제",0,"")),"") -> 0.25 | Q14: =IFERROR(I14*P14,"") -> 0.975
B15: 기본 도구 제공 | C15: 공간정보 파일 업로드 | D15: GeoJSON 업로드 | E15: GeoJSON 업로드 기능을 제공한다. | F15: EQ | G15: 4 | H15: 4 | I15: =IF(F15="","",IF(F15="EI",4,IF(F15="EO",5.2,IF(F15="EQ",3.9,IF(F15="ILF",7.5,IF(F15="EIF",5.4)))))) -> 3.9 | J15: 기능변경 | K15: 1 | L15: 1 | M15: =IFERROR(IF(J15="기능변경",K15/G15,""),"") -> 0.25 | N15: =IFERROR(IF(J15="기능변경",L15/H15,""),"") -> 0.25 | O15: =IF(J15="기능변경",IF(F15="ILF",N15,IF(F15="EIF","재검토",IF(M15=0,N15,IF(N15=0,M15,(M15+N15)/2)))),"") -> 0.25 | P15: =IF(O15<>0,IF(J15="기능변경",IF(O15<=0.33,0.25,IF(O15>0.66,0.75,0.5)),IF(J15="기능삭제",0,"")),"") -> 0.25 | Q15: =IFERROR(I15*P15,"") -> 0.975
B16: 기본 도구 제공 | C16: 좌표 변환 도구 | D16: 공간정보 파일 좌표변환 | E16: 공간정보 파일 좌표변환 기능을 제공한다. | F16: EO | G16: 4 | H16: 4 | I16: =IF(F16="","",IF(F16="EI",4,IF(F16="EO",5.2,IF(F16="EQ",3.9,IF(F16="ILF",7.5,IF(F16="EIF",5.4)))))) -> 5.2 | J16: 기능변경 | K16: 1 | L16: 1 | M16: =IFERROR(IF(J16="기능변경",K16/G16,""),"") -> 0.25 | N16: =IFERROR(IF(J16="기능변경",L16/H16,""),"") -> 0.25 | O16: =IF(J16="기능변경",IF(F16="ILF",N16,IF(F16="EIF","재검토",IF(M16=0,N16,IF(N16=0,M16,(M16+N16)/2)))),"") -> 0.25 | P16: =IF(O16<>0,IF(J16="기능변경",IF(O16<=0.33,0.25,IF(O16>0.66,0.75,0.5)),IF(J16="기능삭제",0,"")),"") -> 0.25 | Q16: =IFERROR(I16*P16,"") -> 1.3
B17: 기본 도구 제공 | C17: 주소 검색 | D17: 지번 주소 검색 | E17: 지번 주소 검색 기능을 제공한다. | F17: EQ | G17: 4 | H17: 4 | I17: =IF(F17="","",IF(F17="EI",4,IF(F17="EO",5.2,IF(F17="EQ",3.9,IF(F17="ILF",7.5,IF(F17="EIF",5.4)))))) -> 3.9 | J17: 기능변경 | K17: 1 | L17: 1 | M17: =IFERROR(IF(J17="기능변경",K17/G17,""),"") -> 0.25 | N17: =IFERROR(IF(J17="기능변경",L17/H17,""),"") -> 0.25 | O17: =IF(J17="기능변경",IF(F17="ILF",N17,IF(F17="EIF","재검토",IF(M17=0,N17,IF(N17=0,M17,(M17+N17)/2)))),"") -> 0.25 | P17: =IF(O17<>0,IF(J17="기능변경",IF(O17<=0.33,0.25,IF(O17>0.66,0.75,0.5)),IF(J17="기능삭제",0,"")),"") -> 0.25 | Q17: =IFERROR(I17*P17,"") -> 0.975
B18: 기본 도구 제공 | C18: 주소 검색 | D18: 도로명 주소 검색 | E18: 도로명 주소 검색 기능을 제공한다. | F18: EQ | G18: 4 | H18: 4 | I18: =IF(F18="","",IF(F18="EI",4,IF(F18="EO",5.2,IF(F18="EQ",3.9,IF(F18="ILF",7.5,IF(F18="EIF",5.4)))))) -> 3.9 | J18: 기능변경 | K18: 1 | L18: 1 | M18: =IFERROR(IF(J18="기능변경",K18/G18,""),"") -> 0.25 | N18: =IFERROR(IF(J18="기능변경",L18/H18,""),"") -> 0.25 | O18: =IF(J18="기능변경",IF(F18="ILF",N18,IF(F18="EIF","재검토",IF(M18=0,N18,IF(N18=0,M18,(M18+N18)/2)))),"") -> 0.25 | P18: =IF(O18<>0,IF(J18="기능변경",IF(O18<=0.33,0.25,IF(O18>0.66,0.75,0.5)),IF(J18="기능삭제",0,"")),"") -> 0.25 | Q18: =IFERROR(I18*P18,"") -> 0.975
B19: 기본 도구 제공 | C19: 주소 검색 | D19: 과거지번 주소 검색 | E19: 과거지번 주소 기능을 제공한다. | F19: EQ | G19: 4 | H19: 4 | I19: =IF(F19="","",IF(F19="EI",4,IF(F19="EO",5.2,IF(F19="EQ",3.9,IF(F19="ILF",7.5,IF(F19="EIF",5.4)))))) -> 3.9 | J19: 기능변경 | K19: 1 | L19: 1 | M19: =IFERROR(IF(J19="기능변경",K19/G19,""),"") -> 0.25 | N19: =IFERROR(IF(J19="기능변경",L19/H19,""),"") -> 0.25 | O19: =IF(J19="기능변경",IF(F19="ILF",N19,IF(F19="EIF","재검토",IF(M19=0,N19,IF(N19=0,M19,(M19+N19)/2)))),"") -> 0.25 | P19: =IF(O19<>0,IF(J19="기능변경",IF(O19<=0.33,0.25,IF(O19>0.66,0.75,0.5)),IF(J19="기능삭제",0,"")),"") -> 0.25 | Q19: =IFERROR(I19*P19,"") -> 0.975
B20: 기본 도구 제공 | C20: 주소 검색 | D20: POI(명칭) 검색 | E20: POI(명칭)을 주소를 검색한다. | F20: EQ | G20: 4 | H20: 4 | I20: =IF(F20="","",IF(F20="EI",4,IF(F20="EO",5.2,IF(F20="EQ",3.9,IF(F20="ILF",7.5,IF(F20="EIF",5.4)))))) -> 3.9 | J20: 기능변경 | K20: 1 | L20: 1 | M20: =IFERROR(IF(J20="기능변경",K20/G20,""),"") -> 0.25 | N20: =IFERROR(IF(J20="기능변경",L20/H20,""),"") -> 0.25 | O20: =IF(J20="기능변경",IF(F20="ILF",N20,IF(F20="EIF","재검토",IF(M20=0,N20,IF(N20=0,M20,(M20+N20)/2)))),"") -> 0.25 | P20: =IF(O20<>0,IF(J20="기능변경",IF(O20<=0.33,0.25,IF(O20>0.66,0.75,0.5)),IF(J20="기능삭제",0,"")),"") -> 0.25 | Q20: =IFERROR(I20*P20,"") -> 0.975
B21: 기본 도구 제공 | C21: 주소 검색 | D21: PNU로 주소 검색 | E21: PNU로 최신 지번 주소 및 도로명 주소를 검색한다. | F21: EQ | G21: 4 | H21: 4 | I21: =IF(F21="","",IF(F21="EI",4,IF(F21="EO",5.2,IF(F21="EQ",3.9,IF(F21="ILF",7.5,IF(F21="EIF",5.4)))))) -> 3.9 | J21: 기능변경 | K21: 1 | L21: 1 | M21: =IFERROR(IF(J21="기능변경",K21/G21,""),"") -> 0.25 | N21: =IFERROR(IF(J21="기능변경",L21/H21,""),"") -> 0.25 | O21: =IF(J21="기능변경",IF(F21="ILF",N21,IF(F21="EIF","재검토",IF(M21=0,N21,IF(N21=0,M21,(M21+N21)/2)))),"") -> 0.25 | P21: =IF(O21<>0,IF(J21="기능변경",IF(O21<=0.33,0.25,IF(O21>0.66,0.75,0.5)),IF(J21="기능삭제",0,"")),"") -> 0.25 | Q21: =IFERROR(I21*P21,"") -> 0.975
... B236: 기본 레이어 설정 | C236: 사용자 별 초기 설정 | D236: 사용자 별 초기 설정 정보 삭제 | E236: 사용자 별 초기 설정 정보를 삭제한다. | F236: EI | G236: 4 | H236: 4 | I236: =IF(F236="","",IF(F236="EI",4,IF(F236="EO",5.2,IF(F236="EQ",3.9,IF(F236="ILF",7.5,IF(F236="EIF",5.4)))))) -> 4 | J236: 기능변경 | K236: 1 | L236: 1 | M236: =IFERROR(IF(J236="기능변경",K236/G236,""),"") -> 0.25 | N236: =IFERROR(IF(J236="기능변경",L236/H236,""),"") -> 0.25 | O236: =IF(J236="기능변경",IF(F236="ILF",N236,IF(F236="EIF","재검토",IF(M236=0,N236,IF(N236=0,M236,(M236+N236)/2)))),"") -> 0.25 | P236: =IF(O236<>0,IF(J236="기능변경",IF(O236<=0.33,0.25,IF(O236>0.66,0.75,0.5)),IF(J236="기능삭제",0,"")),"") -> 0.25 | Q236: =IFERROR(I236*P236,"") -> 1
B237: □ 산림경영 시뮬레이션(3D) | I237: =IF(F237="","",IF(F237="EI",4,IF(F237="EO",5.2,IF(F237="EQ",3.9,IF(F237="ILF",7.5,IF(F237="EIF",5.4)))))) | M237: =IFERROR(IF(J237="기능변경",K237/G237,""),"") | N237: =IFERROR(IF(J237="기능변경",L237/H237,""),"") | O237: =IF(J237="기능변경",IF(F237="ILF",N237,IF(F237="EIF","재검토",IF(M237=0,N237,IF(N237=0,M237,(M237+N237)/2)))),"") | P237: =IF(O237<>0,IF(J237="기능변경",IF(O237<=0.33,0.25,IF(O237>0.66,0.75,0.5)),IF(J237="기능삭제",0,"")),"") | Q237: =IFERROR(I237*P237,"")
B238: 산림경영관리 모의 | C238: 산림공간측정 | D238: 면 측정 | F238: EO | G238: 2 | H238: 2 | I238: =IF(F238="","",IF(F238="EI",4,IF(F238="EO",5.2,IF(F238="EQ",3.9,IF(F238="ILF",7.5,IF(F238="EIF",5.4)))))) -> 5.2 | J238: 기능변경 | K238: 1 | L238: 1 | M238: =IFERROR(IF(J238="기능변경",K238/G238,""),"") -> 0.5 | N238: =IFERROR(IF(J238="기능변경",L238/H238,""),"") -> 0.5 | O238: =IF(J238="기능변경",IF(F238="ILF",N238,IF(F238="EIF","재검토",IF(M238=0,N238,IF(N238=0,M238,(M238+N238)/2)))),"") -> 0.5 | P238: =IF(O238<>0,IF(J238="기능변경",IF(O238<=0.33,0.25,IF(O238>0.66,0.75,0.5)),IF(J238="기능삭제",0,"")),"") -> 0.5 | Q238: =IFERROR(I238*P238,"") -> 2.6
C239: 계측 및 중첩 | D239: 임상도 계측 및 중첩 | F239: EO | I239: =IF(F239="","",IF(F239="EI",4,IF(F239="EO",5.2,IF(F239="EQ",3.9,IF(F239="ILF",7.5,IF(F239="EIF",5.4)))))) -> 5.2 | J239: 신규개발 | M239: =IFERROR(IF(J239="기능변경",K239/G239,""),"") | N239: =IFERROR(IF(J239="기능변경",L239/H239,""),"") | O239: =IF(J239="기능변경",IF(F239="ILF",N239,IF(F239="EIF","재검토",IF(M239=0,N239,IF(N239=0,M239,(M239+N239)/2)))),"") | P239: =IF(O239<>0,IF(J239="기능변경",IF(O239<=0.33,0.25,IF(O239>0.66,0.75,0.5)),IF(J239="기능삭제",0,"")),"") | Q239: =IFERROR(I239*P239,"")
D240: 입지토양도 계측 및 중첩 | F240: EO | I240: =IF(F240="","",IF(F240="EI",4,IF(F240="EO",5.2,IF(F240="EQ",3.9,IF(F240="ILF",7.5,IF(F240="EIF",5.4)))))) -> 5.2 | J240: 신규개발 | M240: =IFERROR(IF(J240="기능변경",K240/G240,""),"") | N240: =IFERROR(IF(J240="기능변경",L240/H240,""),"") | O240: =IF(J240="기능변경",IF(F240="ILF",N240,IF(F240="EIF","재검토",IF(M240=0,N240,IF(N240=0,M240,(M240+N240)/2)))),"") | P240: =IF(O240<>0,IF(J240="기능변경",IF(O240<=0.33,0.25,IF(O240>0.66,0.75,0.5)),IF(J240="기능삭제",0,"")),"") | Q240: =IFERROR(I240*P240,"")
D241: 임도망도 계측 및 중첩 | F241: EO | I241: =IF(F241="","",IF(F241="EI",4,IF(F241="EO",5.2,IF(F241="EQ",3.9,IF(F241="ILF",7.5,IF(F241="EIF",5.4)))))) -> 5.2 | J241: 신규개발 | M241: =IFERROR(IF(J241="기능변경",K241/G241,""),"") | N241: =IFERROR(IF(J241="기능변경",L241/H241,""),"") | O241: =IF(J241="기능변경",IF(F241="ILF",N241,IF(F241="EIF","재검토",IF(M241=0,N241,IF(N241=0,M241,(M241+N241)/2)))),"") | P241: =IF(O241<>0,IF(J241="기능변경",IF(O241<=0.33,0.25,IF(O241>0.66,0.75,0.5)),IF(J241="기능삭제",0,"")),"") | Q241: =IFERROR(I241*P241,"")
D242: DEM 예측 및 중첩 | F242: EO | I242: =IF(F242="","",IF(F242="EI",4,IF(F242="EO",5.2,IF(F242="EQ",3.9,IF(F242="ILF",7.5,IF(F242="EIF",5.4)))))) -> 5.2 | J242: 신규개발 | M242: =IFERROR(IF(J242="기능변경",K242/G242,""),"") | N242: =IFERROR(IF(J242="기능변경",L242/H242,""),"") | O242: =IF(J242="기능변경",IF(F242="ILF",N242,IF(F242="EIF","재검토",IF(M242=0,N242,IF(N242=0,M242,(M242+N242)/2)))),"") | P242: =IF(O242<>0,IF(J242="기능변경",IF(O242<=0.33,0.25,IF(O242>0.66,0.75,0.5)),IF(J242="기능삭제",0,"")),"") | Q242: =IFERROR(I242*P242,"")
D243: 임소반도 계측 및 중첩 | F243: EO | I243: =IF(F243="","",IF(F243="EI",4,IF(F243="EO",5.2,IF(F243="EQ",3.9,IF(F243="ILF",7.5,IF(F243="EIF",5.4)))))) -> 5.2 | J243: 신규개발 | M243: =IFERROR(IF(J243="기능변경",K243/G243,""),"") | N243: =IFERROR(IF(J243="기능변경",L243/H243,""),"") | O243: =IF(J243="기능변경",IF(F243="ILF",N243,IF(F243="EIF","재검토",IF(M243=0,N243,IF(N243=0,M243,(M243+N243)/2)))),"") | P243: =IF(O243<>0,IF(J243="기능변경",IF(O243<=0.33,0.25,IF(O243>0.66,0.75,0.5)),IF(J243="기능삭제",0,"")),"") | Q243: =IFERROR(I243*P243,"")
D244: 경영이력정보 계측 및 중첩 | F244: EO | I244: =IF(F244="","",IF(F244="EI",4,IF(F244="EO",5.2,IF(F244="EQ",3.9,IF(F244="ILF",7.5,IF(F244="EIF",5.4)))))) -> 5.2 | J244: 신규개발 | M244: =IFERROR(IF(J244="기능변경",K244/G244,""),"") | N244: =IFERROR(IF(J244="기능변경",L244/H244,""),"") | O244: =IF(J244="기능변경",IF(F244="ILF",N244,IF(F244="EIF","재검토",IF(M244=0,N244,IF(N244=0,M244,(M244+N244)/2)))),"") | P244: =IF(O244<>0,IF(J244="기능변경",IF(O244<=0.33,0.25,IF(O244>0.66,0.75,0.5)),IF(J244="기능삭제",0,"")),"") | Q244: =IFERROR(I244*P244,"")
C245: 레이어관리 | D245: 레이어 업로드 | F245: EI | G245: 2 | H245: 2 | I245: =IF(F245="","",IF(F245="EI",4,IF(F245="EO",5.2,IF(F245="EQ",3.9,IF(F245="ILF",7.5,IF(F245="EIF",5.4)))))) -> 4 | J245: 기능변경 | K245: 1 | L245: 1 | M245: =IFERROR(IF(J245="기능변경",K245/G245,""),"") -> 0.5 | N245: =IFERROR(IF(J245="기능변경",L245/H245,""),"") -> 0.5 | O245: =IF(J245="기능변경",IF(F245="ILF",N245,IF(F245="EIF","재검토",IF(M245=0,N245,IF(N245=0,M245,(M245+N245)/2)))),"") -> 0.5 | P245: =IF(O245<>0,IF(J245="기능변경",IF(O245<=0.33,0.25,IF(O245>0.66,0.75,0.5)),IF(J245="기능삭제",0,"")),"") -> 0.5 | Q245: =IFERROR(I245*P245,"") -> 2
C246: 속성정보조회 | D246: 확대 | F246: EQ | G246: 2 | H246: 2 | I246: =IF(F246="","",IF(F246="EI",4,IF(F246="EO",5.2,IF(F246="EQ",3.9,IF(F246="ILF",7.5,IF(F246="EIF",5.4)))))) -> 3.9 | J246: 기능변경 | K246: 1 | L246: 1 | M246: =IFERROR(IF(J246="기능변경",K246/G246,""),"") -> 0.5 | N246: =IFERROR(IF(J246="기능변경",L246/H246,""),"") -> 0.5 | O246: =IF(J246="기능변경",IF(F246="ILF",N246,IF(F246="EIF","재검토",IF(M246=0,N246,IF(N246=0,M246,(M246+N246)/2)))),"") -> 0.5 | P246: =IF(O246<>0,IF(J246="기능변경",IF(O246<=0.33,0.25,IF(O246>0.66,0.75,0.5)),IF(J246="기능삭제",0,"")),"") -> 0.5 | Q246: =IFERROR(I246*P246,"") -> 1.95
D247: 축소 | F247: EQ | G247: 2 | H247: 2 | I247: =IF(F247="","",IF(F247="EI",4,IF(F247="EO",5.2,IF(F247="EQ",3.9,IF(F247="ILF",7.5,IF(F247="EIF",5.4)))))) -> 3.9 | J247: 기능변경 | K247: 1 | L247: 1 | M247: =IFERROR(IF(J247="기능변경",K247/G247,""),"") -> 0.5 | N247: =IFERROR(IF(J247="기능변경",L247/H247,""),"") -> 0.5 | O247: =IF(J247="기능변경",IF(F247="ILF",N247,IF(F247="EIF","재검토",IF(M247=0,N247,IF(N247=0,M247,(M247+N247)/2)))),"") -> 0.5 | P247: =IF(O247<>0,IF(J247="기능변경",IF(O247<=0.33,0.25,IF(O247>0.66,0.75,0.5)),IF(J247="기능삭제",0,"")),"") -> 0.5 | Q247: =IFERROR(I247*P247,"") -> 1.95
D248: 줌 | F248: EQ | G248: 2 | H248: 2 | I248: =IF(F248="","",IF(F248="EI",4,IF(F248="EO",5.2,IF(F248="EQ",3.9,IF(F248="ILF",7.5,IF(F248="EIF",5.4)))))) -> 3.9 | J248: 기능변경 | K248: 1 | L248: 1 | M248: =IFERROR(IF(J248="기능변경",K248/G248,""),"") -> 0.5 | N248: =IFERROR(IF(J248="기능변경",L248/H248,""),"") -> 0.5 | O248: =IF(J248="기능변경",IF(F248="ILF",N248,IF(F248="EIF","재검토",IF(M248=0,N248,IF(N248=0,M248,(M248+N248)/2)))),"") -> 0.5 | P248: =IF(O248<>0,IF(J248="기능변경",IF(O248<=0.33,0.25,IF(O248>0.66,0.75,0.5)),IF(J248="기능삭제",0,"")),"") -> 0.5 | Q248: =IFERROR(I248*P248,"") -> 1.95
D249: 이동 | F249: EQ | G249: 2 | H249: 2 | I249: =IF(F249="","",IF(F249="EI",4,IF(F249="EO",5.2,IF(F249="EQ",3.9,IF(F249="ILF",7.5,IF(F249="EIF",5.4)))))) -> 3.9 | J249: 기능변경 | K249: 1 | L249: 1 | M249: =IFERROR(IF(J249="기능변경",K249/G249,""),"") -> 0.5 | N249: =IFERROR(IF(J249="기능변경",L249/H249,""),"") -> 0.5 | O249: =IF(J249="기능변경",IF(F249="ILF",N249,IF(F249="EIF","재검토",IF(M249=0,N249,IF(N249=0,M249,(M249+N249)/2)))),"") -> 0.5 | P249: =IF(O249<>0,IF(J249="기능변경",IF(O249<=0.33,0.25,IF(O249>0.66,0.75,0.5)),IF(J249="기능삭제",0,"")),"") -> 0.5 | Q249: =IFERROR(I249*P249,"") -> 1.95
D250: 홈 귀환 | F250: EQ | G250: 2 | H250: 2 | I250: =IF(F250="","",IF(F250="EI",4,IF(F250="EO",5.2,IF(F250="EQ",3.9,IF(F250="ILF",7.5,IF(F250="EIF",5.4)))))) -> 3.9 | J250: 기능변경 | K250: 1 | L250: 1 | M250: =IFERROR(IF(J250="기능변경",K250/G250,""),"") -> 0.5 | N250: =IFERROR(IF(J250="기능변경",L250/H250,""),"") -> 0.5 | O250: =IF(J250="기능변경",IF(F250="ILF",N250,IF(F250="EIF","재검토",IF(M250=0,N250,IF(N250=0,M250,(M250+N250)/2)))),"") -> 0.5 | P250: =IF(O250<>0,IF(J250="기능변경",IF(O250<=0.33,0.25,IF(O250>0.66,0.75,0.5)),IF(J250="기능삭제",0,"")),"") -> 0.5 | Q250: =IFERROR(I250*P250,"") -> 1.95
D251: 회전 | F251: EQ | G251: 2 | H251: 2 | I251: =IF(F251="","",IF(F251="EI",4,IF(F251="EO",5.2,IF(F251="EQ",3.9,IF(F251="ILF",7.5,IF(F251="EIF",5.4)))))) -> 3.9 | J251: 기능변경 | K251: 1 | L251: 1 | M251: =IFERROR(IF(J251="기능변경",K251/G251,""),"") -> 0.5 | N251: =IFERROR(IF(J251="기능변경",L251/H251,""),"") -> 0.5 | O251: =IF(J251="기능변경",IF(F251="ILF",N251,IF(F251="EIF","재검토",IF(M251=0,N251,IF(N251=0,M251,(M251+N251)/2)))),"") -> 0.5 | P251: =IF(O251<>0,IF(J251="기능변경",IF(O251<=0.33,0.25,IF(O251>0.66,0.75,0.5)),IF(J251="기능삭제",0,"")),"") -> 0.5 | Q251: =IFERROR(I251*P251,"") -> 1.95
D252: 나침반 보기 | F252: EO | G252: 2 | H252: 2 | I252: =IF(F252="","",IF(F252="EI",4,IF(F252="EO",5.2,IF(F252="EQ",3.9,IF(F252="ILF",7.5,IF(F252="EIF",5.4)))))) -> 5.2 | J252: 기능변경 | K252: 1 | L252: 1 | M252: =IFERROR(IF(J252="기능변경",K252/G252,""),"") -> 0.5 | N252: =IFERROR(IF(J252="기능변경",L252/H252,""),"") -> 0.5 | O252: =IF(J252="기능변경",IF(F252="ILF",N252,IF(F252="EIF","재검토",IF(M252=0,N252,IF(N252=0,M252,(M252+N252)/2)))),"") -> 0.5 | P252: =IF(O252<>0,IF(J252="기능변경",IF(O252<=0.33,0.25,IF(O252>0.66,0.75,0.5)),IF(J252="기능삭제",0,"")),"") -> 0.5 | Q252: =IFERROR(I252*P252,"") -> 2.6
D253: 범례보기 | F253: EQ | G253: 2 | H253: 2 | I253: =IF(F253="","",IF(F253="EI",4,IF(F253="EO",5.2,IF(F253="EQ",3.9,IF(F253="ILF",7.5,IF(F253="EIF",5.4)))))) -> 3.9 | J253: 기능변경 | K253: 1 | L253: 1 | M253: =IFERROR(IF(J253="기능변경",K253/G253,""),"") -> 0.5 | N253: =IFERROR(IF(J253="기능변경",L253/H253,""),"") -> 0.5 | O253: =IF(J253="기능변경",IF(F253="ILF",N253,IF(F253="EIF","재검토",IF(M253=0,N253,IF(N253=0,M253,(M253+N253)/2)))),"") -> 0.5 | P253: =IF(O253<>0,IF(J253="기능변경",IF(O253<=0.33,0.25,IF(O253>0.66,0.75,0.5)),IF(J253="기능삭제",0,"")),"") -> 0.5 | Q253: =IFERROR(I253*P253,"") -> 1.95
D254: 통합검색 | F254: EQ | G254: 2 | H254: 2 | I254: =IF(F254="","",IF(F254="EI",4,IF(F254="EO",5.2,IF(F254="EQ",3.9,IF(F254="ILF",7.5,IF(F254="EIF",5.4)))))) -> 3.9 | J254: 기능변경 | K254: 1 | L254: 1 | M254: =IFERROR(IF(J254="기능변경",K254/G254,""),"") -> 0.5 | N254: =IFERROR(IF(J254="기능변경",L254/H254,""),"") -> 0.5 | O254: =IF(J254="기능변경",IF(F254="ILF",N254,IF(F254="EIF","재검토",IF(M254=0,N254,IF(N254=0,M254,(M254+N254)/2)))),"") -> 0.5 | P254: =IF(O254<>0,IF(J254="기능변경",IF(O254<=0.33,0.25,IF(O254>0.66,0.75,0.5)),IF(J254="기능삭제",0,"")),"") -> 0.5 | Q254: =IFERROR(I254*P254,"") -> 1.95
D255: 도로명 주소 검색 | F255: EQ | G255: 2 | H255: 2 | I255: =IF(F255="","",IF(F255="EI",4,IF(F255="EO",5.2,IF(F255="EQ",3.9,IF(F255="ILF",7.5,IF(F255="EIF",5.4)))))) -> 3.9 | J255: 기능변경 | K255: 1 | L255: 1 | M255: =IFERROR(IF(J255="기능변경",K255/G255,""),"") -> 0.5 | N255: =IFERROR(IF(J255="기능변경",L255/H255,""),"") -> 0.5 | O255: =IF(J255="기능변경",IF(F255="ILF",N255,IF(F255="EIF","재검토",IF(M255=0,N255,IF(N255=0,M255,(M255+N255)/2)))),"") -> 0.5 | P255: =IF(O255<>0,IF(J255="기능변경",IF(O255<=0.33,0.25,IF(O255>0.66,0.75,0.5)),IF(J255="기능삭제",0,"")),"") -> 0.5 | Q255: =IFERROR(I255*P255,"") -> 1.95
D256: 지번 주소 검색 | F256: EQ | G256: 2 | H256: 2 | I256: =IF(F256="","",IF(F256="EI",4,IF(F256="EO",5.2,IF(F256="EQ",3.9,IF(F256="ILF",7.5,IF(F256="EIF",5.4)))))) -> 3.9 | J256: 기능변경 | K256: 1 | L256: 1 | M256: =IFERROR(IF(J256="기능변경",K256/G256,""),"") -> 0.5 | N256: =IFERROR(IF(J256="기능변경",L256/H256,""),"") -> 0.5 | O256: =IF(J256="기능변경",IF(F256="ILF",N256,IF(F256="EIF","재검토",IF(M256=0,N256,IF(N256=0,M256,(M256+N256)/2)))),"") -> 0.5 | P256: =IF(O256<>0,IF(J256="기능변경",IF(O256<=0.33,0.25,IF(O256>0.66,0.75,0.5)),IF(J256="기능삭제",0,"")),"") -> 0.5 | Q256: =IFERROR(I256*P256,"") -> 1.95
D257: 거리 측정 버튼 | F257: EQ | G257: 2 | H257: 2 | I257: =IF(F257="","",IF(F257="EI",4,IF(F257="EO",5.2,IF(F257="EQ",3.9,IF(F257="ILF",7.5,IF(F257="EIF",5.4)))))) -> 3.9 | J257: 기능변경 | K257: 1 | L257: 1 | M257: =IFERROR(IF(J257="기능변경",K257/G257,""),"") -> 0.5 | N257: =IFERROR(IF(J257="기능변경",L257/H257,""),"") -> 0.5 | O257: =IF(J257="기능변경",IF(F257="ILF",N257,IF(F257="EIF","재검토",IF(M257=0,N257,IF(N257=0,M257,(M257+N257)/2)))),"") -> 0.5 | P257: =IF(O257<>0,IF(J257="기능변경",IF(O257<=0.33,0.25,IF(O257>0.66,0.75,0.5)),IF(J257="기능삭제",0,"")),"") -> 0.5 | Q257: =IFERROR(I257*P257,"") -> 1.95
D258: 면적 측정 버튼 | F258: EQ | G258: 2 | H258: 2 | I258: =IF(F258="","",IF(F258="EI",4,IF(F258="EO",5.2,IF(F258="EQ",3.9,IF(F258="ILF",7.5,IF(F258="EIF",5.4)))))) -> 3.9 | J258: 기능변경 | K258: 1 | L258: 1 | M258: =IFERROR(IF(J258="기능변경",K258/G258,""),"") -> 0.5 | N258: =IFERROR(IF(J258="기능변경",L258/H258,""),"") -> 0.5 | O258: =IF(J258="기능변경",IF(F258="ILF",N258,IF(F258="EIF","재검토",IF(M258=0,N258,IF(N258=0,M258,(M258+N258)/2)))),"") -> 0.5 | P258: =IF(O258<>0,IF(J258="기능변경",IF(O258<=0.33,0.25,IF(O258>0.66,0.75,0.5)),IF(J258="기능삭제",0,"")),"") -> 0.5 | Q258: =IFERROR(I258*P258,"") -> 1.95
... D265: POI 검색 | F265: EQ | G265: 2 | H265: 2 | I265: =IF(F265="","",IF(F265="EI",4,IF(F265="EO",5.2,IF(F265="EQ",3.9,IF(F265="ILF",7.5,IF(F265="EIF",5.4)))))) -> 3.9 | J265: 기능변경 | K265: 1 | L265: 1 | M265: =IFERROR(IF(J265="기능변경",K265/G265,""),"") -> 0.5 | N265: =IFERROR(IF(J265="기능변경",L265/H265,""),"") -> 0.5 | O265: =IF(J265="기능변경",IF(F265="ILF",N265,IF(F265="EIF","재검토",IF(M265=0,N265,IF(N265=0,M265,(M265+N265)/2)))),"") -> 0.5 | P265: =IF(O265<>0,IF(J265="기능변경",IF(O265<=0.33,0.25,IF(O265>0.66,0.75,0.5)),IF(J265="기능삭제",0,"")),"") -> 0.5 | Q265: =IFERROR(I265*P265,"") -> 1.95
C266: 데이터 생성 | D266: 지형정보 목록 | F266: EQ | G266: 2 | H266: 2 | I266: =IF(F266="","",IF(F266="EI",4,IF(F266="EO",5.2,IF(F266="EQ",3.9,IF(F266="ILF",7.5,IF(F266="EIF",5.4)))))) -> 3.9 | J266: 기능변경 | K266: 1 | L266: 1 | M266: =IFERROR(IF(J266="기능변경",K266/G266,""),"") -> 0.5 | N266: =IFERROR(IF(J266="기능변경",L266/H266,""),"") -> 0.5 | O266: =IF(J266="기능변경",IF(F266="ILF",N266,IF(F266="EIF","재검토",IF(M266=0,N266,IF(N266=0,M266,(M266+N266)/2)))),"") -> 0.5 | P266: =IF(O266<>0,IF(J266="기능변경",IF(O266<=0.33,0.25,IF(O266>0.66,0.75,0.5)),IF(J266="기능삭제",0,"")),"") -> 0.5 | Q266: =IFERROR(I266*P266,"") -> 1.95
D267: 지형정보 불러오기 | F267: EO | G267: 2 | H267: 2 | I267: =IF(F267="","",IF(F267="EI",4,IF(F267="EO",5.2,IF(F267="EQ",3.9,IF(F267="ILF",7.5,IF(F267="EIF",5.4)))))) -> 5.2 | J267: 기능변경 | K267: 1 | L267: 1 | M267: =IFERROR(IF(J267="기능변경",K267/G267,""),"") -> 0.5 | N267: =IFERROR(IF(J267="기능변경",L267/H267,""),"") -> 0.5 | O267: =IF(J267="기능변경",IF(F267="ILF",N267,IF(F267="EIF","재검토",IF(M267=0,N267,IF(N267=0,M267,(M267+N267)/2)))),"") -> 0.5 | P267: =IF(O267<>0,IF(J267="기능변경",IF(O267<=0.33,0.25,IF(O267>0.66,0.75,0.5)),IF(J267="기능삭제",0,"")),"") -> 0.5 | Q267: =IFERROR(I267*P267,"") -> 2.6
D268: 점군데이터 목록 | F268: EQ | G268: 2 | H268: 2 | I268: =IF(F268="","",IF(F268="EI",4,IF(F268="EO",5.2,IF(F268="EQ",3.9,IF(F268="ILF",7.5,IF(F268="EIF",5.4)))))) -> 3.9 | J268: 기능변경 | K268: 1 | L268: 1 | M268: =IFERROR(IF(J268="기능변경",K268/G268,""),"") -> 0.5 | N268: =IFERROR(IF(J268="기능변경",L268/H268,""),"") -> 0.5 | O268: =IF(J268="기능변경",IF(F268="ILF",N268,IF(F268="EIF","재검토",IF(M268=0,N268,IF(N268=0,M268,(M268+N268)/2)))),"") -> 0.5 | P268: =IF(O268<>0,IF(J268="기능변경",IF(O268<=0.33,0.25,IF(O268>0.66,0.75,0.5)),IF(J268="기능삭제",0,"")),"") -> 0.5 | Q268: =IFERROR(I268*P268,"") -> 1.95
D269: 점군데이터 불러오기 | F269: EO | G269: 2 | H269: 2 | I269: =IF(F269="","",IF(F269="EI",4,IF(F269="EO",5.2,IF(F269="EQ",3.9,IF(F269="ILF",7.5,IF(F269="EIF",5.4)))))) -> 5.2 | J269: 기능변경 | K269: 1 | L269: 1 | M269: =IFERROR(IF(J269="기능변경",K269/G269,""),"") -> 0.5 | N269: =IFERROR(IF(J269="기능변경",L269/H269,""),"") -> 0.5 | O269: =IF(J269="기능변경",IF(F269="ILF",N269,IF(F269="EIF","재검토",IF(M269=0,N269,IF(N269=0,M269,(M269+N269)/2)))),"") -> 0.5 | P269: =IF(O269<>0,IF(J269="기능변경",IF(O269<=0.33,0.25,IF(O269>0.66,0.75,0.5)),IF(J269="기능삭제",0,"")),"") -> 0.5 | Q269: =IFERROR(I269*P269,"") -> 2.6
D270: 가상임도 목록 | F270: EQ | I270: =IF(F270="","",IF(F270="EI",4,IF(F270="EO",5.2,IF(F270="EQ",3.9,IF(F270="ILF",7.5,IF(F270="EIF",5.4)))))) -> 3.9 | J270: 신규개발 | M270: =IFERROR(IF(J270="기능변경",K270/G270,""),"") | N270: =IFERROR(IF(J270="기능변경",L270/H270,""),"") | O270: =IF(J270="기능변경",IF(F270="ILF",N270,IF(F270="EIF","재검토",IF(M270=0,N270,IF(N270=0,M270,(M270+N270)/2)))),"") | P270: =IF(O270<>0,IF(J270="기능변경",IF(O270<=0.33,0.25,IF(O270>0.66,0.75,0.5)),IF(J270="기능삭제",0,"")),"") | Q270: =IFERROR(I270*P270,"")
D271: 가상임도 불러오기 | F271: EO | I271: =IF(F271="","",IF(F271="EI",4,IF(F271="EO",5.2,IF(F271="EQ",3.9,IF(F271="ILF",7.5,IF(F271="EIF",5.4)))))) -> 5.2 | J271: 신규개발 | M271: =IFERROR(IF(J271="기능변경",K271/G271,""),"") | N271: =IFERROR(IF(J271="기능변경",L271/H271,""),"") | O271: =IF(J271="기능변경",IF(F271="ILF",N271,IF(F271="EIF","재검토",IF(M271=0,N271,IF(N271=0,M271,(M271+N271)/2)))),"") | P271: =IF(O271<>0,IF(J271="기능변경",IF(O271<=0.33,0.25,IF(O271>0.66,0.75,0.5)),IF(J271="기능삭제",0,"")),"") | Q271: =IFERROR(I271*P271,"")
D272: 절토분석데이터 불러오기 | F272: EO | G272: 2 | H272: 2 | I272: =IF(F272="","",IF(F272="EI",4,IF(F272="EO",5.2,IF(F272="EQ",3.9,IF(F272="ILF",7.5,IF(F272="EIF",5.4)))))) -> 5.2 | J272: 기능변경 | K272: 1 | L272: 1 | M272: =IFERROR(IF(J272="기능변경",K272/G272,""),"") -> 0.5 | N272: =IFERROR(IF(J272="기능변경",L272/H272,""),"") -> 0.5 | O272: =IF(J272="기능변경",IF(F272="ILF",N272,IF(F272="EIF","재검토",IF(M272=0,N272,IF(N272=0,M272,(M272+N272)/2)))),"") -> 0.5 | P272: =IF(O272<>0,IF(J272="기능변경",IF(O272<=0.33,0.25,IF(O272>0.66,0.75,0.5)),IF(J272="기능삭제",0,"")),"") -> 0.5 | Q272: =IFERROR(I272*P272,"") -> 2.6
D273: 성토분석데이터 불러오기 | F273: EO | G273: 2 | H273: 2 | I273: =IF(F273="","",IF(F273="EI",4,IF(F273="EO",5.2,IF(F273="EQ",3.9,IF(F273="ILF",7.5,IF(F273="EIF",5.4)))))) -> 5.2 | J273: 기능변경 | K273: 1 | L273: 1 | M273: =IFERROR(IF(J273="기능변경",K273/G273,""),"") -> 0.5 | N273: =IFERROR(IF(J273="기능변경",L273/H273,""),"") -> 0.5 | O273: =IF(J273="기능변경",IF(F273="ILF",N273,IF(F273="EIF","재검토",IF(M273=0,N273,IF(N273=0,M273,(M273+N273)/2)))),"") -> 0.5 | P273: =IF(O273<>0,IF(J273="기능변경",IF(O273<=0.33,0.25,IF(O273>0.66,0.75,0.5)),IF(J273="기능삭제",0,"")),"") -> 0.5 | Q273: =IFERROR(I273*P273,"") -> 2.6
D274: 종단분석데이터 불러오기 | F274: EO | G274: 2 | H274: 2 | I274: =IF(F274="","",IF(F274="EI",4,IF(F274="EO",5.2,IF(F274="EQ",3.9,IF(F274="ILF",7.5,IF(F274="EIF",5.4)))))) -> 5.2 | J274: 기능변경 | K274: 1 | L274: 1 | M274: =IFERROR(IF(J274="기능변경",K274/G274,""),"") -> 0.5 | N274: =IFERROR(IF(J274="기능변경",L274/H274,""),"") -> 0.5 | O274: =IF(J274="기능변경",IF(F274="ILF",N274,IF(F274="EIF","재검토",IF(M274=0,N274,IF(N274=0,M274,(M274+N274)/2)))),"") -> 0.5 | P274: =IF(O274<>0,IF(J274="기능변경",IF(O274<=0.33,0.25,IF(O274>0.66,0.75,0.5)),IF(J274="기능삭제",0,"")),"") -> 0.5 | Q274: =IFERROR(I274*P274,"") -> 2.6
D275: 횡단분석데이터 불러오기 | F275: EO | G275: 2 | H275: 2 | I275: =IF(F275="","",IF(F275="EI",4,IF(F275="EO",5.2,IF(F275="EQ",3.9,IF(F275="ILF",7.5,IF(F275="EIF",5.4)))))) -> 5.2 | J275: 기능변경 | K275: 1 | L275: 1 | M275: =IFERROR(IF(J275="기능변경",K275/G275,""),"") -> 0.5 | N275: =IFERROR(IF(J275="기능변경",L275/H275,""),"") -> 0.5 | O275: =IF(J275="기능변경",IF(F275="ILF",N275,IF(F275="EIF","재검토",IF(M275=0,N275,IF(N275=0,M275,(M275+N275)/2)))),"") -> 0.5 | P275: =IF(O275<>0,IF(J275="기능변경",IF(O275<=0.33,0.25,IF(O275>0.66,0.75,0.5)),IF(J275="기능삭제",0,"")),"") -> 0.5 | Q275: =IFERROR(I275*P275,"") -> 2.6
C276: 데이터 업로드 | D276: 데이터 업로드 | F276: EO | G276: 2 | H276: 2 | I276: =IF(F276="","",IF(F276="EI",4,IF(F276="EO",5.2,IF(F276="EQ",3.9,IF(F276="ILF",7.5,IF(F276="EIF",5.4)))))) -> 5.2 | J276: 기능변경 | K276: 1 | L276: 1 | M276: =IFERROR(IF(J276="기능변경",K276/G276,""),"") -> 0.5 | N276: =IFERROR(IF(J276="기능변경",L276/H276,""),"") -> 0.5 | O276: =IF(J276="기능변경",IF(F276="ILF",N276,IF(F276="EIF","재검토",IF(M276=0,N276,IF(N276=0,M276,(M276+N276)/2)))),"") -> 0.5 | P276: =IF(O276<>0,IF(J276="기능변경",IF(O276<=0.33,0.25,IF(O276>0.66,0.75,0.5)),IF(J276="기능삭제",0,"")),"") -> 0.5 | Q276: =IFERROR(I276*P276,"") -> 2.6
C277: 경사도 측정 | D277: 종단경사도 연산실행 | F277: EO | G277: 2 | H277: 2 | I277: =IF(F277="","",IF(F277="EI",4,IF(F277="EO",5.2,IF(F277="EQ",3.9,IF(F277="ILF",7.5,IF(F277="EIF",5.4)))))) -> 5.2 | J277: 기능변경 | K277: 1 | L277: 1 | M277: =IFERROR(IF(J277="기능변경",K277/G277,""),"") -> 0.5 | N277: =IFERROR(IF(J277="기능변경",L277/H277,""),"") -> 0.5 | O277: =IF(J277="기능변경",IF(F277="ILF",N277,IF(F277="EIF","재검토",IF(M277=0,N277,IF(N277=0,M277,(M277+N277)/2)))),"") -> 0.5 | P277: =IF(O277<>0,IF(J277="기능변경",IF(O277<=0.33,0.25,IF(O277>0.66,0.75,0.5)),IF(J277="기능삭제",0,"")),"") -> 0.5 | Q277: =IFERROR(I277*P277,"") -> 2.6
D278: 종단경사도 추출 | F278: EO | G278: 2 | H278: 2 | I278: =IF(F278="","",IF(F278="EI",4,IF(F278="EO",5.2,IF(F278="EQ",3.9,IF(F278="ILF",7.5,IF(F278="EIF",5.4)))))) -> 5.2 | J278: 기능변경 | K278: 1 | L278: 1 | M278: =IFERROR(IF(J278="기능변경",K278/G278,""),"") -> 0.5 | N278: =IFERROR(IF(J278="기능변경",L278/H278,""),"") -> 0.5 | O278: =IF(J278="기능변경",IF(F278="ILF",N278,IF(F278="EIF","재검토",IF(M278=0,N278,IF(N278=0,M278,(M278+N278)/2)))),"") -> 0.5 | P278: =IF(O278<>0,IF(J278="기능변경",IF(O278<=0.33,0.25,IF(O278>0.66,0.75,0.5)),IF(J278="기능삭제",0,"")),"") -> 0.5 | Q278: =IFERROR(I278*P278,"") -> 2.6
D279: 종단경사도 그래프 표출 | F279: EQ | G279: 2 | H279: 2 | I279: =IF(F279="","",IF(F279="EI",4,IF(F279="EO",5.2,IF(F279="EQ",3.9,IF(F279="ILF",7.5,IF(F279="EIF",5.4)))))) -> 3.9 | J279: 기능변경 | K279: 1 | L279: 1 | M279: =IFERROR(IF(J279="기능변경",K279/G279,""),"") -> 0.5 | N279: =IFERROR(IF(J279="기능변경",L279/H279,""),"") -> 0.5 | O279: =IF(J279="기능변경",IF(F279="ILF",N279,IF(F279="EIF","재검토",IF(M279=0,N279,IF(N279=0,M279,(M279+N279)/2)))),"") -> 0.5 | P279: =IF(O279<>0,IF(J279="기능변경",IF(O279<=0.33,0.25,IF(O279>0.66,0.75,0.5)),IF(J279="기능삭제",0,"")),"") -> 0.5 | Q279: =IFERROR(I279*P279,"") -> 1.95
D280: 종단경사도 그래프 저장 | F280: EI | G280: 2 | H280: 2 | I280: =IF(F280="","",IF(F280="EI",4,IF(F280="EO",5.2,IF(F280="EQ",3.9,IF(F280="ILF",7.5,IF(F280="EIF",5.4)))))) -> 4 | J280: 기능변경 | K280: 1 | L280: 1 | M280: =IFERROR(IF(J280="기능변경",K280/G280,""),"") -> 0.5 | N280: =IFERROR(IF(J280="기능변경",L280/H280,""),"") -> 0.5 | O280: =IF(J280="기능변경",IF(F280="ILF",N280,IF(F280="EIF","재검토",IF(M280=0,N280,IF(N280=0,M280,(M280+N280)/2)))),"") -> 0.5 | P280: =IF(O280<>0,IF(J280="기능변경",IF(O280<=0.33,0.25,IF(O280>0.66,0.75,0.5)),IF(J280="기능삭제",0,"")),"") -> 0.5 | Q280: =IFERROR(I280*P280,"") -> 2
D281: 횡단경사도 연산실행 | F281: EO | G281: 2 | H281: 2 | I281: =IF(F281="","",IF(F281="EI",4,IF(F281="EO",5.2,IF(F281="EQ",3.9,IF(F281="ILF",7.5,IF(F281="EIF",5.4)))))) -> 5.2 | J281: 기능변경 | K281: 1 | L281: 1 | M281: =IFERROR(IF(J281="기능변경",K281/G281,""),"") -> 0.5 | N281: =IFERROR(IF(J281="기능변경",L281/H281,""),"") -> 0.5 | O281: =IF(J281="기능변경",IF(F281="ILF",N281,IF(F281="EIF","재검토",IF(M281=0,N281,IF(N281=0,M281,(M281+N281)/2)))),"") -> 0.5 | P281: =IF(O281<>0,IF(J281="기능변경",IF(O281<=0.33,0.25,IF(O281>0.66,0.75,0.5)),IF(J281="기능삭제",0,"")),"") -> 0.5 | Q281: =IFERROR(I281*P281,"") -> 2.6
D282: 횡단경사도 추출 | F282: EO | G282: 2 | H282: 2 | I282: =IF(F282="","",IF(F282="EI",4,IF(F282="EO",5.2,IF(F282="EQ",3.9,IF(F282="ILF",7.5,IF(F282="EIF",5.4)))))) -> 5.2 | J282: 기능변경 | K282: 1 | L282: 1 | M282: =IFERROR(IF(J282="기능변경",K282/G282,""),"") -> 0.5 | N282: =IFERROR(IF(J282="기능변경",L282/H282,""),"") -> 0.5 | O282: =IF(J282="기능변경",IF(F282="ILF",N282,IF(F282="EIF","재검토",IF(M282=0,N282,IF(N282=0,M282,(M282+N282)/2)))),"") -> 0.5 | P282: =IF(O282<>0,IF(J282="기능변경",IF(O282<=0.33,0.25,IF(O282>0.66,0.75,0.5)),IF(J282="기능삭제",0,"")),"") -> 0.5 | Q282: =IFERROR(I282*P282,"") -> 2.6
D283: 횡단경사도 그래프 표출 | F283: EQ | G283: 2 | H283: 2 | I283: =IF(F283="","",IF(F283="EI",4,IF(F283="EO",5.2,IF(F283="EQ",3.9,IF(F283="ILF",7.5,IF(F283="EIF",5.4)))))) -> 3.9 | J283: 기능변경 | K283: 1 | L283: 1 | M283: =IFERROR(IF(J283="기능변경",K283/G283,""),"") -> 0.5 | N283: =IFERROR(IF(J283="기능변경",L283/H283,""),"") -> 0.5 | O283: =IF(J283="기능변경",IF(F283="ILF",N283,IF(F283="EIF","재검토",IF(M283=0,N283,IF(N283=0,M283,(M283+N283)/2)))),"") -> 0.5 | P283: =IF(O283<>0,IF(J283="기능변경",IF(O283<=0.33,0.25,IF(O283>0.66,0.75,0.5)),IF(J283="기능삭제",0,"")),"") -> 0.5 | Q283: =IFERROR(I283*P283,"") -> 1.95
D284: 횡단경사도 그래프 저장 | F284: EI | G284: 2 | H284: 2 | I284: =IF(F284="","",IF(F284="EI",4,IF(F284="EO",5.2,IF(F284="EQ",3.9,IF(F284="ILF",7.5,IF(F284="EIF",5.4)))))) -> 4 | J284: 기능변경 | K284: 1 | L284: 1 | M284: =IFERROR(IF(J284="기능변경",K284/G284,""),"") -> 0.5 | N284: =IFERROR(IF(J284="기능변경",L284/H284,""),"") -> 0.5 | O284: =IF(J284="기능변경",IF(F284="ILF",N284,IF(F284="EIF","재검토",IF(M284=0,N284,IF(N284=0,M284,(M284+N284)/2)))),"") -> 0.5 | P284: =IF(O284<>0,IF(J284="기능변경",IF(O284<=0.33,0.25,IF(O284>0.66,0.75,0.5)),IF(J284="기능삭제",0,"")),"") -> 0.5 | Q284: =IFERROR(I284*P284,"") -> 2
C285: 단면분석 | D285: 영역선택 | F285: EI | G285: 2 | H285: 2 | I285: =IF(F285="","",IF(F285="EI",4,IF(F285="EO",5.2,IF(F285="EQ",3.9,IF(F285="ILF",7.5,IF(F285="EIF",5.4)))))) -> 4 | J285: 기능변경 | K285: 1 | L285: 1 | M285: =IFERROR(IF(J285="기능변경",K285/G285,""),"") -> 0.5 | N285: =IFERROR(IF(J285="기능변경",L285/H285,""),"") -> 0.5 | O285: =IF(J285="기능변경",IF(F285="ILF",N285,IF(F285="EIF","재검토",IF(M285=0,N285,IF(N285=0,M285,(M285+N285)/2)))),"") -> 0.5 | P285: =IF(O285<>0,IF(J285="기능변경",IF(O285<=0.33,0.25,IF(O285>0.66,0.75,0.5)),IF(J285="기능삭제",0,"")),"") -> 0.5 | Q285: =IFERROR(I285*P285,"") -> 2
D286: 종단면도추출 | F286: EO | G286: 2 | H286: 2 | I286: =IF(F286="","",IF(F286="EI",4,IF(F286="EO",5.2,IF(F286="EQ",3.9,IF(F286="ILF",7.5,IF(F286="EIF",5.4)))))) -> 5.2 | J286: 기능변경 | K286: 1 | L286: 1 | M286: =IFERROR(IF(J286="기능변경",K286/G286,""),"") -> 0.5 | N286: =IFERROR(IF(J286="기능변경",L286/H286,""),"") -> 0.5 | O286: =IF(J286="기능변경",IF(F286="ILF",N286,IF(F286="EIF","재검토",IF(M286=0,N286,IF(N286=0,M286,(M286+N286)/2)))),"") -> 0.5 | P286: =IF(O286<>0,IF(J286="기능변경",IF(O286<=0.33,0.25,IF(O286>0.66,0.75,0.5)),IF(J286="기능삭제",0,"")),"") -> 0.5 | Q286: =IFERROR(I286*P286,"") -> 2.6
D287: 종단면도추출 연산실행 | F287: EO | G287: 2 | H287: 2 | I287: =IF(F287="","",IF(F287="EI",4,IF(F287="EO",5.2,IF(F287="EQ",3.9,IF(F287="ILF",7.5,IF(F287="EIF",5.4)))))) -> 5.2 | J287: 기능변경 | K287: 1 | L287: 1 | M287: =IFERROR(IF(J287="기능변경",K287/G287,""),"") -> 0.5 | N287: =IFERROR(IF(J287="기능변경",L287/H287,""),"") -> 0.5 | O287: =IF(J287="기능변경",IF(F287="ILF",N287,IF(F287="EIF","재검토",IF(M287=0,N287,IF(N287=0,M287,(M287+N287)/2)))),"") -> 0.5 | P287: =IF(O287<>0,IF(J287="기능변경",IF(O287<=0.33,0.25,IF(O287>0.66,0.75,0.5)),IF(J287="기능삭제",0,"")),"") -> 0.5 | Q287: =IFERROR(I287*P287,"") -> 2.6
D288: 횡단면도추출 | F288: EO | G288: 2 | H288: 2 | I288: =IF(F288="","",IF(F288="EI",4,IF(F288="EO",5.2,IF(F288="EQ",3.9,IF(F288="ILF",7.5,IF(F288="EIF",5.4)))))) -> 5.2 | J288: 기능변경 | K288: 1 | L288: 1 | M288: =IFERROR(IF(J288="기능변경",K288/G288,""),"") -> 0.5 | N288: =IFERROR(IF(J288="기능변경",L288/H288,""),"") -> 0.5 | O288: =IF(J288="기능변경",IF(F288="ILF",N288,IF(F288="EIF","재검토",IF(M288=0,N288,IF(N288=0,M288,(M288+N288)/2)))),"") -> 0.5 | P288: =IF(O288<>0,IF(J288="기능변경",IF(O288<=0.33,0.25,IF(O288>0.66,0.75,0.5)),IF(J288="기능삭제",0,"")),"") -> 0.5 | Q288: =IFERROR(I288*P288,"") -> 2.6
D289: 횡단면도추출 연산실행 | F289: EO | G289: 2 | H289: 2 | I289: =IF(F289="","",IF(F289="EI",4,IF(F289="EO",5.2,IF(F289="EQ",3.9,IF(F289="ILF",7.5,IF(F289="EIF",5.4)))))) -> 5.2 | J289: 기능변경 | K289: 1 | L289: 1 | M289: =IFERROR(IF(J289="기능변경",K289/G289,""),"") -> 0.5 | N289: =IFERROR(IF(J289="기능변경",L289/H289,""),"") -> 0.5 | O289: =IF(J289="기능변경",IF(F289="ILF",N289,IF(F289="EIF","재검토",IF(M289=0,N289,IF(N289=0,M289,(M289+N289)/2)))),"") -> 0.5 | P289: =IF(O289<>0,IF(J289="기능변경",IF(O289<=0.33,0.25,IF(O289>0.66,0.75,0.5)),IF(J289="기능삭제",0,"")),"") -> 0.5 | Q289: =IFERROR(I289*P289,"") -> 2.6
C290: 통계분석 | D290: 통계조회 | F290: EQ | I290: =IF(F290="","",IF(F290="EI",4,IF(F290="EO",5.2,IF(F290="EQ",3.9,IF(F290="ILF",7.5,IF(F290="EIF",5.4)))))) -> 3.9 | J290: 신규개발 | M290: =IFERROR(IF(J290="기능변경",K290/G290,""),"") | N290: =IFERROR(IF(J290="기능변경",L290/H290,""),"") | O290: =IF(J290="기능변경",IF(F290="ILF",N290,IF(F290="EIF","재검토",IF(M290=0,N290,IF(N290=0,M290,(M290+N290)/2)))),"") | P290: =IF(O290<>0,IF(J290="기능변경",IF(O290<=0.33,0.25,IF(O290>0.66,0.75,0.5)),IF(J290="기능삭제",0,"")),"") | Q290: =IFERROR(I290*P290,"")
D291: 통계 그래프 출력 | F291: EO | I291: =IF(F291="","",IF(F291="EI",4,IF(F291="EO",5.2,IF(F291="EQ",3.9,IF(F291="ILF",7.5,IF(F291="EIF",5.4)))))) -> 5.2 | J291: 신규개발 | M291: =IFERROR(IF(J291="기능변경",K291/G291,""),"") | N291: =IFERROR(IF(J291="기능변경",L291/H291,""),"") | O291: =IF(J291="기능변경",IF(F291="ILF",N291,IF(F291="EIF","재검토",IF(M291=0,N291,IF(N291=0,M291,(M291+N291)/2)))),"") | P291: =IF(O291<>0,IF(J291="기능변경",IF(O291<=0.33,0.25,IF(O291>0.66,0.75,0.5)),IF(J291="기능삭제",0,"")),"") | Q291: =IFERROR(I291*P291,"")
D292: 통계 보고서 출력 | F292: EO | I292: =IF(F292="","",IF(F292="EI",4,IF(F292="EO",5.2,IF(F292="EQ",3.9,IF(F292="ILF",7.5,IF(F292="EIF",5.4)))))) -> 5.2 | J292: 신규개발 | M292: =IFERROR(IF(J292="기능변경",K292/G292,""),"") | N292: =IFERROR(IF(J292="기능변경",L292/H292,""),"") | O292: =IF(J292="기능변경",IF(F292="ILF",N292,IF(F292="EIF","재검토",IF(M292=0,N292,IF(N292=0,M292,(M292+N292)/2)))),"") | P292: =IF(O292<>0,IF(J292="기능변경",IF(O292<=0.33,0.25,IF(O292>0.66,0.75,0.5)),IF(J292="기능삭제",0,"")),"") | Q292: =IFERROR(I292*P292,"")
C293: 산림자원분석 | D293: 재적산출 연산실행 | F293: EO | I293: =IF(F293="","",IF(F293="EI",4,IF(F293="EO",5.2,IF(F293="EQ",3.9,IF(F293="ILF",7.5,IF(F293="EIF",5.4)))))) -> 5.2 | J293: 신규개발 | M293: =IFERROR(IF(J293="기능변경",K293/G293,""),"") | N293: =IFERROR(IF(J293="기능변경",L293/H293,""),"") | O293: =IF(J293="기능변경",IF(F293="ILF",N293,IF(F293="EIF","재검토",IF(M293=0,N293,IF(N293=0,M293,(M293+N293)/2)))),"") | P293: =IF(O293<>0,IF(J293="기능변경",IF(O293<=0.33,0.25,IF(O293>0.66,0.75,0.5)),IF(J293="기능삭제",0,"")),"") | Q293: =IFERROR(I293*P293,"")
C294: 노선폭 측정 | D294: 노선폭 측정 공간정보 연산실행 | F294: EO | I294: =IF(F294="","",IF(F294="EI",4,IF(F294="EO",5.2,IF(F294="EQ",3.9,IF(F294="ILF",7.5,IF(F294="EIF",5.4)))))) -> 5.2 | J294: 신규개발 | M294: =IFERROR(IF(J294="기능변경",K294/G294,""),"") | N294: =IFERROR(IF(J294="기능변경",L294/H294,""),"") | O294: =IF(J294="기능변경",IF(F294="ILF",N294,IF(F294="EIF","재검토",IF(M294=0,N294,IF(N294=0,M294,(M294+N294)/2)))),"") | P294: =IF(O294<>0,IF(J294="기능변경",IF(O294<=0.33,0.25,IF(O294>0.66,0.75,0.5)),IF(J294="기능삭제",0,"")),"") | Q294: =IFERROR(I294*P294,"")
B295: □ 산사태 피해 시뮬레이션(3D) | I295: =IF(F295="","",IF(F295="EI",4,IF(F295="EO",5.2,IF(F295="EQ",3.9,IF(F295="ILF",7.5,IF(F295="EIF",5.4))))))
B296: 토석류 모의 | C296: 산림데이터 불러오기 | D296: DEM데이터 불러오기 | F296: EO | G296: 2 | H296: 2 | I296: =IF(F296="","",IF(F296="EI",4,IF(F296="EO",5.2,IF(F296="EQ",3.9,IF(F296="ILF",7.5,IF(F296="EIF",5.4)))))) -> 5.2 | J296: 기능변경 | K296: 1 | L296: 1 | M296: =IFERROR(IF(J296="기능변경",K296/G296,""),"") -> 0.5 | N296: =IFERROR(IF(J296="기능변경",L296/H296,""),"") -> 0.5 | O296: =IF(J296="기능변경",IF(F296="ILF",N296,IF(F296="EIF","재검토",IF(M296=0,N296,IF(N296=0,M296,(M296+N296)/2)))),"") -> 0.5 | P296: =IF(O296<>0,IF(J296="기능변경",IF(O296<=0.33,0.25,IF(O296>0.66,0.75,0.5)),IF(J296="기능삭제",0,"")),"") -> 0.5 | Q296: =IFERROR(I296*P296,"") -> 2.6
D297: 지질(토양)데이터 불러오기 | F297: EO | I297: =IF(F297="","",IF(F297="EI",4,IF(F297="EO",5.2,IF(F297="EQ",3.9,IF(F297="ILF",7.5,IF(F297="EIF",5.4)))))) -> 5.2 | J297: 신규개발 | M297: =IFERROR(IF(J297="기능변경",K297/G297,""),"") | N297: =IFERROR(IF(J297="기능변경",L297/H297,""),"") | O297: =IF(J297="기능변경",IF(F297="ILF",N297,IF(F297="EIF","재검토",IF(M297=0,N297,IF(N297=0,M297,(M297+N297)/2)))),"") | P297: =IF(O297<>0,IF(J297="기능변경",IF(O297<=0.33,0.25,IF(O297>0.66,0.75,0.5)),IF(J297="기능삭제",0,"")),"") | Q297: =IFERROR(I297*P297,"")
D298: 임상도데이터 불러오기 | F298: EO | I298: =IF(F298="","",IF(F298="EI",4,IF(F298="EO",5.2,IF(F298="EQ",3.9,IF(F298="ILF",7.5,IF(F298="EIF",5.4)))))) -> 5.2 | J298: 신규개발 | M298: =IFERROR(IF(J298="기능변경",K298/G298,""),"") | N298: =IFERROR(IF(J298="기능변경",L298/H298,""),"") | O298: =IF(J298="기능변경",IF(F298="ILF",N298,IF(F298="EIF","재검토",IF(M298=0,N298,IF(N298=0,M298,(M298+N298)/2)))),"") | P298: =IF(O298<>0,IF(J298="기능변경",IF(O298<=0.33,0.25,IF(O298>0.66,0.75,0.5)),IF(J298="기능삭제",0,"")),"") | Q298: =IFERROR(I298*P298,"")
D299: 토지피복도데이터 불러오기 | F299: EO | I299: =IF(F299="","",IF(F299="EI",4,IF(F299="EO",5.2,IF(F299="EQ",3.9,IF(F299="ILF",7.5,IF(F299="EIF",5.4)))))) -> 5.2 | J299: 신규개발 | M299: =IFERROR(IF(J299="기능변경",K299/G299,""),"") | N299: =IFERROR(IF(J299="기능변경",L299/H299,""),"") | O299: =IF(J299="기능변경",IF(F299="ILF",N299,IF(F299="EIF","재검토",IF(M299=0,N299,IF(N299=0,M299,(M299+N299)/2)))),"") | P299: =IF(O299<>0,IF(J299="기능변경",IF(O299<=0.33,0.25,IF(O299>0.66,0.75,0.5)),IF(J299="기능삭제",0,"")),"") | Q299: =IFERROR(I299*P299,"")
D300: 산사태취약유역(수계지도)데이터 불러오기 | F300: EO | I300: =IF(F300="","",IF(F300="EI",4,IF(F300="EO",5.2,IF(F300="EQ",3.9,IF(F300="ILF",7.5,IF(F300="EIF",5.4)))))) -> 5.2 | J300: 신규개발 | M300: =IFERROR(IF(J300="기능변경",K300/G300,""),"") | N300: =IFERROR(IF(J300="기능변경",L300/H300,""),"") | O300: =IF(J300="기능변경",IF(F300="ILF",N300,IF(F300="EIF","재검토",IF(M300=0,N300,IF(N300=0,M300,(M300+N300)/2)))),"") | P300: =IF(O300<>0,IF(J300="기능변경",IF(O300<=0.33,0.25,IF(O300>0.66,0.75,0.5)),IF(J300="기능삭제",0,"")),"") | Q300: =IFERROR(I300*P300,"")
C301: 인문데이터 연계(API) | D301: 건물, 도로 데이터 조회 | F301: EO | G301: 2 | H301: 2 | I301: =IF(F301="","",IF(F301="EI",4,IF(F301="EO",5.2,IF(F301="EQ",3.9,IF(F301="ILF",7.5,IF(F301="EIF",5.4)))))) -> 5.2 | J301: 기능변경 | K301: 1 | L301: 1 | M301: =IFERROR(IF(J301="기능변경",K301/G301,""),"") -> 0.5 | N301: =IFERROR(IF(J301="기능변경",L301/H301,""),"") -> 0.5 | O301: =IF(J301="기능변경",IF(F301="ILF",N301,IF(F301="EIF","재검토",IF(M301=0,N301,IF(N301=0,M301,(M301+N301)/2)))),"") -> 0.5 | P301: =IF(O301<>0,IF(J301="기능변경",IF(O301<=0.33,0.25,IF(O301>0.66,0.75,0.5)),IF(J301="기능삭제",0,"")),"") -> 0.5 | Q301: =IFERROR(I301*P301,"") -> 2.6
D302: 건물, 도로 데이터 추가 | F302: EI | G302: 2 | H302: 2 | I302: =IF(F302="","",IF(F302="EI",4,IF(F302="EO",5.2,IF(F302="EQ",3.9,IF(F302="ILF",7.5,IF(F302="EIF",5.4)))))) -> 4 | J302: 기능변경 | K302: 1 | L302: 1 | M302: =IFERROR(IF(J302="기능변경",K302/G302,""),"") -> 0.5 | N302: =IFERROR(IF(J302="기능변경",L302/H302,""),"") -> 0.5 | O302: =IF(J302="기능변경",IF(F302="ILF",N302,IF(F302="EIF","재검토",IF(M302=0,N302,IF(N302=0,M302,(M302+N302)/2)))),"") -> 0.5 | P302: =IF(O302<>0,IF(J302="기능변경",IF(O302<=0.33,0.25,IF(O302>0.66,0.75,0.5)),IF(J302="기능삭제",0,"")),"") -> 0.5 | Q302: =IFERROR(I302*P302,"") -> 2
C303: 기후데이터 연계(API) | D303: 기상 예보정보 데이터 조회 | F303: EIF | I303: =IF(F303="","",IF(F303="EI",4,IF(F303="EO",5.2,IF(F303="EQ",3.9,IF(F303="ILF",7.5,IF(F303="EIF",5.4)))))) -> 5.4 | J303: 신규개발 | M303: =IFERROR(IF(J303="기능변경",K303/G303,""),"") | N303: =IFERROR(IF(J303="기능변경",L303/H303,""),"") | O303: =IF(J303="기능변경",IF(F303="ILF",N303,IF(F303="EIF","재검토",IF(M303=0,N303,IF(N303=0,M303,(M303+N303)/2)))),"") | P303: =IF(O303<>0,IF(J303="기능변경",IF(O303<=0.33,0.25,IF(O303>0.66,0.75,0.5)),IF(J303="기능삭제",0,"")),"") | Q303: =IFERROR(I303*P303,"")
C304: 현장관측정보 연계(산림청 시스템) | D304: 산악기상망 데이터 조회 | F304: EIF | I304: =IF(F304="","",IF(F304="EI",4,IF(F304="EO",5.2,IF(F304="EQ",3.9,IF(F304="ILF",7.5,IF(F304="EIF",5.4)))))) -> 5.4 | J304: 신규개발 | M304: =IFERROR(IF(J304="기능변경",K304/G304,""),"") | N304: =IFERROR(IF(J304="기능변경",L304/H304,""),"") | O304: =IF(J304="기능변경",IF(F304="ILF",N304,IF(F304="EIF","재검토",IF(M304=0,N304,IF(N304=0,M304,(M304+N304)/2)))),"") | P304: =IF(O304<>0,IF(J304="기능변경",IF(O304<=0.33,0.25,IF(O304>0.66,0.75,0.5)),IF(J304="기능삭제",0,"")),"") | Q304: =IFERROR(I304*P304,"")
D305: 산림유량 관측망 데이터 조회 | F305: EO | I305: =IF(F305="","",IF(F305="EI",4,IF(F305="EO",5.2,IF(F305="EQ",3.9,IF(F305="ILF",7.5,IF(F305="EIF",5.4)))))) -> 5.2 | J305: 신규개발 | M305: =IFERROR(IF(J305="기능변경",K305/G305,""),"") | N305: =IFERROR(IF(J305="기능변경",L305/H305,""),"") | O305: =IF(J305="기능변경",IF(F305="ILF",N305,IF(F305="EIF","재검토",IF(M305=0,N305,IF(N305=0,M305,(M305+N305)/2)))),"") | P305: =IF(O305<>0,IF(J305="기능변경",IF(O305<=0.33,0.25,IF(O305>0.66,0.75,0.5)),IF(J305="기능삭제",0,"")),"") | Q305: =IFERROR(I305*P305,"")
C306: 예측 시뮬레이션 실행 | D306: 토석류 시뮬레이션 실행 | F306: EO | I306: =IF(F306="","",IF(F306="EI",4,IF(F306="EO",5.2,IF(F306="EQ",3.9,IF(F306="ILF",7.5,IF(F306="EIF",5.4)))))) -> 5.2 | J306: 신규개발 | M306: =IFERROR(IF(J306="기능변경",K306/G306,""),"") | N306: =IFERROR(IF(J306="기능변경",L306/H306,""),"") | O306: =IF(J306="기능변경",IF(F306="ILF",N306,IF(F306="EIF","재검토",IF(M306=0,N306,IF(N306=0,M306,(M306+N306)/2)))),"") | P306: =IF(O306<>0,IF(J306="기능변경",IF(O306<=0.33,0.25,IF(O306>0.66,0.75,0.5)),IF(J306="기능삭제",0,"")),"") | Q306: =IFERROR(I306*P306,"")
B307: □ 휴양복지 서비스(3D)
B308: 명품숲 로드뷰 생성 | C308: 로드뷰 생성 | D308: 데이터불러오기 | F308: EQ | G308: 2 | H308: 2 | I308: =IF(F308="","",IF(F308="EI",4,IF(F308="EO",5.2,IF(F308="EQ",3.9,IF(F308="ILF",7.5,IF(F308="EIF",5.4)))))) -> 3.9 | J308: 기능변경 | K308: 1 | L308: 1 | M308: =IFERROR(IF(J308="기능변경",K308/G308,""),"") -> 0.5 | N308: =IFERROR(IF(J308="기능변경",L308/H308,""),"") -> 0.5 | O308: =IF(J308="기능변경",IF(F308="ILF",N308,IF(F308="EIF","재검토",IF(M308=0,N308,IF(N308=0,M308,(M308+N308)/2)))),"") -> 0.5 | P308: =IF(O308<>0,IF(J308="기능변경",IF(O308<=0.33,0.25,IF(O308>0.66,0.75,0.5)),IF(J308="기능삭제",0,"")),"") -> 0.5 | Q308: =IFERROR(I308*P308,"") -> 1.95
D309: 배경지도 연계 | F309: EQ | G309: 2 | H309: 2 | I309: =IF(F309="","",IF(F309="EI",4,IF(F309="EO",5.2,IF(F309="EQ",3.9,IF(F309="ILF",7.5,IF(F309="EIF",5.4)))))) -> 3.9 | J309: 기능변경 | K309: 1 | L309: 1 | M309: =IFERROR(IF(J309="기능변경",K309/G309,""),"") -> 0.5 | N309: =IFERROR(IF(J309="기능변경",L309/H309,""),"") -> 0.5 | O309: =IF(J309="기능변경",IF(F309="ILF",N309,IF(F309="EIF","재검토",IF(M309=0,N309,IF(N309=0,M309,(M309+N309)/2)))),"") -> 0.5 | P309: =IF(O309<>0,IF(J309="기능변경",IF(O309<=0.33,0.25,IF(O309>0.66,0.75,0.5)),IF(J309="기능삭제",0,"")),"") -> 0.5 | Q309: =IFERROR(I309*P309,"") -> 1.95
D310: 배경지도 생성 | F310: EI | G310: 2 | H310: 2 | I310: =IF(F310="","",IF(F310="EI",4,IF(F310="EO",5.2,IF(F310="EQ",3.9,IF(F310="ILF",7.5,IF(F310="EIF",5.4)))))) -> 4 | J310: 기능변경 | K310: 1 | L310: 1 | M310: =IFERROR(IF(J310="기능변경",K310/G310,""),"") -> 0.5 | N310: =IFERROR(IF(J310="기능변경",L310/H310,""),"") -> 0.5 | O310: =IF(J310="기능변경",IF(F310="ILF",N310,IF(F310="EIF","재검토",IF(M310=0,N310,IF(N310=0,M310,(M310+N310)/2)))),"") -> 0.5 | P310: =IF(O310<>0,IF(J310="기능변경",IF(O310<=0.33,0.25,IF(O310>0.66,0.75,0.5)),IF(J310="기능삭제",0,"")),"") -> 0.5 | Q310: =IFERROR(I310*P310,"") -> 2
D311: 파노라마 이미지 목록 | F311: EQ | I311: =IF(F311="","",IF(F311="EI",4,IF(F311="EO",5.2,IF(F311="EQ",3.9,IF(F311="ILF",7.5,IF(F311="EIF",5.4)))))) -> 3.9 | J311: 신규개발 | M311: =IFERROR(IF(J311="기능변경",K311/G311,""),"") | N311: =IFERROR(IF(J311="기능변경",L311/H311,""),"") | O311: =IF(J311="기능변경",IF(F311="ILF",N311,IF(F311="EIF","재검토",IF(M311=0,N311,IF(N311=0,M311,(M311+N311)/2)))),"") | P311: =IF(O311<>0,IF(J311="기능변경",IF(O311<=0.33,0.25,IF(O311>0.66,0.75,0.5)),IF(J311="기능삭제",0,"")),"") | Q311: =IFERROR(I311*P311,"")
D312: 파노라마 이미지 표출 | F312: EO | I312: =IF(F312="","",IF(F312="EI",4,IF(F312="EO",5.2,IF(F312="EQ",3.9,IF(F312="ILF",7.5,IF(F312="EIF",5.4)))))) -> 5.2 | J312: 신규개발 | M312: =IFERROR(IF(J312="기능변경",K312/G312,""),"") | N312: =IFERROR(IF(J312="기능변경",L312/H312,""),"") | O312: =IF(J312="기능변경",IF(F312="ILF",N312,IF(F312="EIF","재검토",IF(M312=0,N312,IF(N312=0,M312,(M312+N312)/2)))),"") | P312: =IF(O312<>0,IF(J312="기능변경",IF(O312<=0.33,0.25,IF(O312>0.66,0.75,0.5)),IF(J312="기능삭제",0,"")),"") | Q312: =IFERROR(I312*P312,"")
D313: 이미지 파일저장 | F313: EI | G313: 2 | H313: 2 | I313: =IF(F313="","",IF(F313="EI",4,IF(F313="EO",5.2,IF(F313="EQ",3.9,IF(F313="ILF",7.5,IF(F313="EIF",5.4)))))) -> 4 | J313: 기능변경 | K313: 1 | L313: 1 | M313: =IFERROR(IF(J313="기능변경",K313/G313,""),"") -> 0.5 | N313: =IFERROR(IF(J313="기능변경",L313/H313,""),"") -> 0.5 | O313: =IF(J313="기능변경",IF(F313="ILF",N313,IF(F313="EIF","재검토",IF(M313=0,N313,IF(N313=0,M313,(M313+N313)/2)))),"") -> 0.5 | P313: =IF(O313<>0,IF(J313="기능변경",IF(O313<=0.33,0.25,IF(O313>0.66,0.75,0.5)),IF(J313="기능삭제",0,"")),"") -> 0.5 | Q313: =IFERROR(I313*P313,"") -> 2
D314: 화면확대 | F314: EQ | G314: 2 | H314: 2 | I314: =IF(F314="","",IF(F314="EI",4,IF(F314="EO",5.2,IF(F314="EQ",3.9,IF(F314="ILF",7.5,IF(F314="EIF",5.4)))))) -> 3.9 | J314: 기능변경 | K314: 1 | L314: 1 | M314: =IFERROR(IF(J314="기능변경",K314/G314,""),"") -> 0.5 | N314: =IFERROR(IF(J314="기능변경",L314/H314,""),"") -> 0.5 | O314: =IF(J314="기능변경",IF(F314="ILF",N314,IF(F314="EIF","재검토",IF(M314=0,N314,IF(N314=0,M314,(M314+N314)/2)))),"") -> 0.5 | P314: =IF(O314<>0,IF(J314="기능변경",IF(O314<=0.33,0.25,IF(O314>0.66,0.75,0.5)),IF(J314="기능삭제",0,"")),"") -> 0.5 | Q314: =IFERROR(I314*P314,"") -> 1.95
D315: 화면축소 | F315: EQ | G315: 2 | H315: 2 | I315: =IF(F315="","",IF(F315="EI",4,IF(F315="EO",5.2,IF(F315="EQ",3.9,IF(F315="ILF",7.5,IF(F315="EIF",5.4)))))) -> 3.9 | J315: 기능변경 | K315: 1 | L315: 1 | M315: =IFERROR(IF(J315="기능변경",K315/G315,""),"") -> 0.5 | N315: =IFERROR(IF(J315="기능변경",L315/H315,""),"") -> 0.5 | O315: =IF(J315="기능변경",IF(F315="ILF",N315,IF(F315="EIF","재검토",IF(M315=0,N315,IF(N315=0,M315,(M315+N315)/2)))),"") -> 0.5 | P315: =IF(O315<>0,IF(J315="기능변경",IF(O315<=0.33,0.25,IF(O315>0.66,0.75,0.5)),IF(J315="기능삭제",0,"")),"") -> 0.5 | Q315: =IFERROR(I315*P315,"") -> 1.95
D316: 화면조회 | F316: EQ | G316: 2 | H316: 2 | I316: =IF(F316="","",IF(F316="EI",4,IF(F316="EO",5.2,IF(F316="EQ",3.9,IF(F316="ILF",7.5,IF(F316="EIF",5.4)))))) -> 3.9 | J316: 기능변경 | K316: 1 | L316: 1 | M316: =IFERROR(IF(J316="기능변경",K316/G316,""),"") -> 0.5 | N316: =IFERROR(IF(J316="기능변경",L316/H316,""),"") -> 0.5 | O316: =IF(J316="기능변경",IF(F316="ILF",N316,IF(F316="EIF","재검토",IF(M316=0,N316,IF(N316=0,M316,(M316+N316)/2)))),"") -> 0.5 | P316: =IF(O316<>0,IF(J316="기능변경",IF(O316<=0.33,0.25,IF(O316>0.66,0.75,0.5)),IF(J316="기능삭제",0,"")),"") -> 0.5 | Q316: =IFERROR(I316*P316,"") -> 1.95
D317: 화면출력 | F317: EQ | G317: 2 | H317: 2 | I317: =IF(F317="","",IF(F317="EI",4,IF(F317="EO",5.2,IF(F317="EQ",3.9,IF(F317="ILF",7.5,IF(F317="EIF",5.4)))))) -> 3.9 | J317: 기능변경 | K317: 1 | L317: 1 | M317: =IFERROR(IF(J317="기능변경",K317/G317,""),"") -> 0.5 | N317: =IFERROR(IF(J317="기능변경",L317/H317,""),"") -> 0.5 | O317: =IF(J317="기능변경",IF(F317="ILF",N317,IF(F317="EIF","재검토",IF(M317=0,N317,IF(N317=0,M317,(M317+N317)/2)))),"") -> 0.5 | P317: =IF(O317<>0,IF(J317="기능변경",IF(O317<=0.33,0.25,IF(O317>0.66,0.75,0.5)),IF(J317="기능삭제",0,"")),"") -> 0.5 | Q317: =IFERROR(I317*P317,"") -> 1.95
B318: 자연휴양림 로드뷰 생성 | C318: 로드뷰생성 | D318: 데이터불러오기 | F318: EQ | G318: 2 | H318: 2 | I318: =IF(F318="","",IF(F318="EI",4,IF(F318="EO",5.2,IF(F318="EQ",3.9,IF(F318="ILF",7.5,IF(F318="EIF",5.4)))))) -> 3.9 | J318: 기능변경 | K318: 1 | L318: 1 | M318: =IFERROR(IF(J318="기능변경",K318/G318,""),"") -> 0.5 | N318: =IFERROR(IF(J318="기능변경",L318/H318,""),"") -> 0.5 | O318: =IF(J318="기능변경",IF(F318="ILF",N318,IF(F318="EIF","재검토",IF(M318=0,N318,IF(N318=0,M318,(M318+N318)/2)))),"") -> 0.5 | P318: =IF(O318<>0,IF(J318="기능변경",IF(O318<=0.33,0.25,IF(O318>0.66,0.75,0.5)),IF(J318="기능삭제",0,"")),"") -> 0.5 | Q318: =IFERROR(I318*P318,"") -> 1.95
D319: 배경지도 연계 | F319: EQ | G319: 2 | H319: 2 | I319: =IF(F319="","",IF(F319="EI",4,IF(F319="EO",5.2,IF(F319="EQ",3.9,IF(F319="ILF",7.5,IF(F319="EIF",5.4)))))) -> 3.9 | J319: 기능변경 | K319: 1 | L319: 1 | M319: =IFERROR(IF(J319="기능변경",K319/G319,""),"") -> 0.5 | N319: =IFERROR(IF(J319="기능변경",L319/H319,""),"") -> 0.5 | O319: =IF(J319="기능변경",IF(F319="ILF",N319,IF(F319="EIF","재검토",IF(M319=0,N319,IF(N319=0,M319,(M319+N319)/2)))),"") -> 0.5 | P319: =IF(O319<>0,IF(J319="기능변경",IF(O319<=0.33,0.25,IF(O319>0.66,0.75,0.5)),IF(J319="기능삭제",0,"")),"") -> 0.5 | Q319: =IFERROR(I319*P319,"") -> 1.95
D320: 배경지도 생성 | F320: EI | G320: 2 | H320: 2 | I320: =IF(F320="","",IF(F320="EI",4,IF(F320="EO",5.2,IF(F320="EQ",3.9,IF(F320="ILF",7.5,IF(F320="EIF",5.4)))))) -> 4 | J320: 기능변경 | K320: 1 | L320: 1 | M320: =IFERROR(IF(J320="기능변경",K320/G320,""),"") -> 0.5 | N320: =IFERROR(IF(J320="기능변경",L320/H320,""),"") -> 0.5 | O320: =IF(J320="기능변경",IF(F320="ILF",N320,IF(F320="EIF","재검토",IF(M320=0,N320,IF(N320=0,M320,(M320+N320)/2)))),"") -> 0.5 | P320: =IF(O320<>0,IF(J320="기능변경",IF(O320<=0.33,0.25,IF(O320>0.66,0.75,0.5)),IF(J320="기능삭제",0,"")),"") -> 0.5 | Q320: =IFERROR(I320*P320,"") -> 2
D321: 파노라마 이미지 목록 | F321: EQ | G321: 2 | H321: 2 | I321: =IF(F321="","",IF(F321="EI",4,IF(F321="EO",5.2,IF(F321="EQ",3.9,IF(F321="ILF",7.5,IF(F321="EIF",5.4)))))) -> 3.9 | J321: 기능변경 | K321: 1 | L321: 1 | M321: =IFERROR(IF(J321="기능변경",K321/G321,""),"") -> 0.5 | N321: =IFERROR(IF(J321="기능변경",L321/H321,""),"") -> 0.5 | O321: =IF(J321="기능변경",IF(F321="ILF",N321,IF(F321="EIF","재검토",IF(M321=0,N321,IF(N321=0,M321,(M321+N321)/2)))),"") -> 0.5 | P321: =IF(O321<>0,IF(J321="기능변경",IF(O321<=0.33,0.25,IF(O321>0.66,0.75,0.5)),IF(J321="기능삭제",0,"")),"") -> 0.5 | Q321: =IFERROR(I321*P321,"") -> 1.95
...

Sheet 5.대국민서비스
B1: "산림공간 디지털플랫폼 사업_대국민서비스" 소프트웨어 재개발비 산정
N2: (소프트웨어사업 대가산정 가이드, 2024. KOSA)
B4: ○ 재개발비 산정 | N4: (단위 : 원)
B5: 신규개발 | E5: 신규개발 기능 규모 | G5: ='5-1.FP산정(재개발, 간이법)'!K2 -> 7.9
B6: 수정없이 재사용 | E6: 수정없이 재사용 대상 기능 규모 | G6: ='5-1.FP산정(재개발, 간이법)'!K5 -> 10.8 | J6: 시험단계 비율 (0~25%) | M6: 0.25
E7: 수정없이 재사용 기능 규모 | G7: =G6*M6 -> 2.7
B8: 수정 후 재사용 | E8: 기능변경 규모 | G8: ='5-1.FP산정(재개발, 간이법)'!K3 -> 103.35
E9: 재사용 난이도 | G9: =1+((L9+L10)/2)/100*0.8 -> 1.28 | I9: 구조화 및 애플리케이션 명확화 정도 | L9: =HLOOKUP(N9,P9:T10,2,FALSE) -> 40 | N9: 어려움 | P9: 매우 어려움 | Q9: 어려움 | R9: 보통 | S9: 쉬움 | T9: 매우 쉬움
I10: 문서화 및 소스코드 서술화 정도 | L10: =HLOOKUP(N10,P9:T10,2,0) -> 30 | N10: 보통 | P10: 50 | Q10: 40 | R10: 30 | S10: 20 | T10: 10
E11: 수정 후 재사용 기능 규모 | G11: =G8*G9 -> 132.288
B12: 재개발 기능 규모 | E12: =G5+G7+G11 -> 142.888 | K12: 기능점수당 단가 | M12: 605784
B13: 보정전 재개발원가 | E13: =E12*M12 -> 86559264
B14: 보정계수 | E14: 규모 | G14: 연계복잡성 | I14: 성능 | K14: 운영환경 호환성 | M14: 보안성
E15: =M32 -> 1.28 | G15: =M33 -> 1 | I15: =M34 -> 1.05 | K15: =M35 -> 1.13 | M15: =M36 -> 1.03
B16: 보정후 재개발원가 | E16: =E13*E15*G15*I15*K15*M15 -> 1.3540306e+08
B17: 직접경비 | E17: =M28 -> 0
B18: 이윤 | D18: 0.2 | E18: =E16*D18 -> 27080613
B19: 재개발 사업대가 (부가세 별도) | E19: =SUM(E16:N18) -> 1.6248368e+08
B20: 재개발 사업대가 (부가세 포함) | E20: =E19*1.1 -> 1.7873204e+08
B23: ○ 직접경비 | N23: (단위 : 원)
B24: 항목 | E24: 산출내역 | M24: 금액
B28: 합 계 | M28: =SUM(M25:N27) -> 0
B30: ※ 보정계수 산정
B31: 보정계수 구분 | E31: 복잡도 및 난이도 수준 | M31: 보정계수
B32: SW규모 | E32: ="= 0.4057 x (log e("&E12&") - 7.1978)^2 + 0.8878 (단, 500FP 미만 1.28, 3,000FP 초과 1.153 적용)" -> = 0.4057 x (log e(142.888) - 7.1978)^2 + 0.8878 (단, 500FP 미만 1.28, 3,000FP 초과 1.153 적용) | M32: =IF(E12<500,1.28,IF(E12>3000,1.153,0.4057*(LN(E12)-7.1978)^2+0.8878)) -> 1.28
B33: 연계복잡성 | E33: 3. 3~5개의 타 기관 연계 | M33: =VLOOKUP(E33,P33:Q37,2,1) -> 1 | P33: 1. 타 기관 연계 없음 | Q33: 0.88
B34: 성능 요구수준 | E34: 4. 응답시간이나 처리율이 모든 업무시간에 중요하며, 처리 시한이 명시되어 있다. | M34: =VLOOKUP(E34,P38:Q42,2,1) -> 1.05 | P34: 2. 1~2개의 타 기관 연계 | Q34: 0.94
B35: 운영환경 호환성 | E35: 4. 운영환경 호환성에 대한 요구사항이 있으며, 이질적인 하드웨어 및 소프트웨어 환경에서 운영되도록 설계된다. | M35: =VLOOKUP(E35,P43:Q47,2,1) -> 1.13 | P35: 3. 3~5개의 타 기관 연계 | Q35: 1
B36: 보안성 요구수준 | E36: 3. 3가지 요구사항이 포함되어 있다. | M36: =VLOOKUP(E36,P48:Q52,2,1) -> 1.03 | P36: 4. 6~10개의 타 기관 연계 | Q36: 1.06
P37: 5. 10개 초과의 타 기관 연계 | Q37: 1.12
P38: 1. 응답성능에 대한 특별한 요구사항이 없다. | Q38: 0.91
P39: 2. 응답성능에 대한 요구사항이 있으나 특별한 조치가 필요하지는 않다. | Q39: 0.95
P40: 3. 응답시간이나 처리율이 피크타임(peak time)에 중요하며, 처리 시한이 명시되어 있다. | Q40: 1
P41: 4. 응답시간이나 처리율이 모든 업무시간에 중요하며, 처리 시한이 명시되어 있다. | Q41: 1.05
P42: 5. 응답성능 요구수준이 엄격하여, 설계, 개발 또는 구현 단계에서 성능 분석도구 사용이 필요하다. | Q42: 1.09
P43: 1. 운영환경 호환성에 대한 요구사항이 없다. | Q43: 0.94
P44: 2. 운영환경 호환성에 대한 요구사항이 있으며, 동일 하드웨어 및 소프트웨어 환경에서 운영되도록 설계된다. | Q44: 1
P45: 3. 운영환경 호환성에 대한 요구사항이 있으며, 유사 하드웨어 및 소프트웨어 환경에서 운영되도록 설계된다. | Q45: 1.06
P46: 4. 운영환경 호환성에 대한 요구사항이 있으며, 이질적인 하드웨어 및 소프트웨어 환경에서 운영되도록 설계된다. | Q46: 1.13
P47: 5. 항목 4에 더하여 일반적 산출물 이외에 장소에서 원활한 운영을 보장하기 위한 운영 절차의 문서화와 사전 모의훈련이 요구된다. | Q47: 1.19
P48: 1. 암호화, 웹취약점 점검, 시큐어코딩, 개인정보보호 등 1가지 보안 요구사항이 포함되어 있다. | Q48: 0.97
... P52: 5. 5가지 이상의 보안 요구사항이 포함되어 있다. | Q52: 1.08

Sheet 5-1.FP산정(재개발, 간이법)
B2: 기능점수 산정 | J2: 신규개발 | K2: =SUMIF(J:J,J2,I:I) -> 7.9
J3: 기능변경 | K3: =SUMIF(J:J,J3,Q:Q) -> 103.35
J4: 기능삭제 | K4: 측정 비대상
J5: 수정없이 재사용 | K5: =SUMIF(J:J,J5,I:I) -> 10.8
F6: EIF | G6: = 관리주체가 외부에 있으므로 기능변경 측정 대상이 아님에 유의
B7: 기능명 | F7: 데이터 및 트랜잭션 기능 | I7: FP 산출 | J7: 재사용유형 | K7: FTR 변경량 | L7: DET 변경량 | M7: FTR 변경률 | N7: DET 변경률 | O7: 기능 변경률 | P7: 영향 계수 | Q7: 재사용 기능점수 | R7: 비고
B8: ①어플리케이션명 | C8: ②세부 업무명 | D8: ③단위프로세스명 | E8: 단위프로세스 설명 | F8: ④FP유형 | G8: ⑤FTR | H8: ⑥DET | I8: ⑧가중치
B9: 고객지원 | C9: 산림공간정보 소개 | D9: 개요 및 배경 | F9: EQ | G9: 2 | H9: 2 | I9: =IF(F9="","",IF(F9="EI",4,IF(F9="EO",5.2,IF(F9="EQ",3.9,IF(F9="ILF",7.5,IF(F9="EIF",5.4)))))) -> 3.9 | J9: 기능변경 | K9: 1 | L9: 1 | M9: =IFERROR(IF(J9="기능변경",K9/G9,""),"") -> 0.5 | N9: =IFERROR(IF(J9="기능변경",L9/H9,""),"") -> 0.5 | O9: =IF(J9="기능변경",IF(F9="ILF",N9,IF(F9="EIF","재검토",IF(M9=0,N9,IF(N9=0,M9,(M9+N9)/2)))),"") -> 0.5 | P9: =IF(O9<>0,IF(J9="기능변경",IF(O9<=0.33,0.25,IF(O9>0.66,0.75,0.5)),IF(J9="기능삭제",0,"")),"") -> 0.5 | Q9: =IFERROR(I9*P9,"") -> 1.95
D10: 비전 및 추진 목표 | F10: EQ | G10: 2 | H10: 2 | I10: =IF(F10="","",IF(F10="EI",4,IF(F10="EO",5.2,IF(F10="EQ",3.9,IF(F10="ILF",7.5,IF(F10="EIF",5.4)))))) -> 3.9 | J10: 기능변경 | K10: 1 | L10: 1 | M10: =IFERROR(IF(J10="기능변경",K10/G10,""),"") -> 0.5 | N10: =IFERROR(IF(J10="기능변경",L10/H10,""),"") -> 0.5 | O10: =IF(J10="기능변경",IF(F10="ILF",N10,IF(F10="EIF","재검토",IF(M10=0,N10,IF(N10=0,M10,(M10+N10)/2)))),"") -> 0.5 | P10: =IF(O10<>0,IF(J10="기능변경",IF(O10<=0.33,0.25,IF(O10>0.66,0.75,0.5)),IF(J10="기능삭제",0,"")),"") -> 0.5 | Q10: =IFERROR(I10*P10,"") -> 1.95
D11: 산림공간정보서비스 이용안내 | F11: EQ | G11: 2 | H11: 2 | I11: =IF(F11="","",IF(F11="EI",4,IF(F11="EO",5.2,IF(F11="EQ",3.9,IF(F11="ILF",7.5,IF(F11="EIF",5.4)))))) -> 3.9 | J11: 기능변경 | K11: 1 | L11: 1 | M11: =IFERROR(IF(J11="기능변경",K11/G11,""),"") -> 0.5 | N11: =IFERROR(IF(J11="기능변경",L11/H11,""),"") -> 0.5 | O11: =IF(J11="기능변경",IF(F11="ILF",N11,IF(F11="EIF","재검토",IF(M11=0,N11,IF(N11=0,M11,(M11+N11)/2)))),"") -> 0.5 | P11: =IF(O11<>0,IF(J11="기능변경",IF(O11<=0.33,0.25,IF(O11>0.66,0.75,0.5)),IF(J11="기능삭제",0,"")),"") -> 0.5 | Q11: =IFERROR(I11*P11,"") -> 1.95
C12: 열린마당 | D12: 공지사항 조회 | F12: EQ | G12: 2 | H12: 2 | I12: =IF(F12="","",IF(F12="EI",4,IF(F12="EO",5.2,IF(F12="EQ",3.9,IF(F12="ILF",7.5,IF(F12="EIF",5.4)))))) -> 3.9 | J12: 기능변경 | K12: 1 | L12: 1 | M12: =IFERROR(IF(J12="기능변경",K12/G12,""),"") -> 0.5 | N12: =IFERROR(IF(J12="기능변경",L12/H12,""),"") -> 0.5 | O12: =IF(J12="기능변경",IF(F12="ILF",N12,IF(F12="EIF","재검토",IF(M12=0,N12,IF(N12=0,M12,(M12+N12)/2)))),"") -> 0.5 | P12: =IF(O12<>0,IF(J12="기능변경",IF(O12<=0.33,0.25,IF(O12>0.66,0.75,0.5)),IF(J12="기능삭제",0,"")),"") -> 0.5 | Q12: =IFERROR(I12*P12,"") -> 1.95
D13: 묻고답하기 | F13: EQ | G13: 2 | H13: 2 | I13: =IF(F13="","",IF(F13="EI",4,IF(F13="EO",5.2,IF(F13="EQ",3.9,IF(F13="ILF",7.5,IF(F13="EIF",5.4)))))) -> 3.9 | J13: 기능변경 | K13: 1 | L13: 1 | M13: =IFERROR(IF(J13="기능변경",K13/G13,""),"") -> 0.5 | N13: =IFERROR(IF(J13="기능변경",L13/H13,""),"") -> 0.5 | O13: =IF(J13="기능변경",IF(F13="ILF",N13,IF(F13="EIF","재검토",IF(M13=0,N13,IF(N13=0,M13,(M13+N13)/2)))),"") -> 0.5 | P13: =IF(O13<>0,IF(J13="기능변경",IF(O13<=0.33,0.25,IF(O13>0.66,0.75,0.5)),IF(J13="기능삭제",0,"")),"") -> 0.5 | Q13: =IFERROR(I13*P13,"") -> 1.95
D14: 데이터 오류 신고 | F14: EQ | G14: 2 | H14: 2 | I14: =IF(F14="","",IF(F14="EI",4,IF(F14="EO",5.2,IF(F14="EQ",3.9,IF(F14="ILF",7.5,IF(F14="EIF",5.4)))))) -> 3.9 | J14: 기능변경 | K14: 1 | L14: 1 | M14: =IFERROR(IF(J14="기능변경",K14/G14,""),"") -> 0.5 | N14: =IFERROR(IF(J14="기능변경",L14/H14,""),"") -> 0.5 | O14: =IF(J14="기능변경",IF(F14="ILF",N14,IF(F14="EIF","재검토",IF(M14=0,N14,IF(N14=0,M14,(M14+N14)/2)))),"") -> 0.5 | P14: =IF(O14<>0,IF(J14="기능변경",IF(O14<=0.33,0.25,IF(O14>0.66,0.75,0.5)),IF(J14="기능삭제",0,"")),"") -> 0.5 | Q14: =IFERROR(I14*P14,"") -> 1.95
C15: 자료유통서비스 | D15: 서비스 이용안내 | F15: EQ | G15: 2 | H15: 2 | I15: =IF(F15="","",IF(F15="EI",4,IF(F15="EO",5.2,IF(F15="EQ",3.9,IF(F15="ILF",7.5,IF(F15="EIF",5.4)))))) -> 3.9 | J15: 기능변경 | K15: 1 | L15: 1 | M15: =IFERROR(IF(J15="기능변경",K15/G15,""),"") -> 0.5 | N15: =IFERROR(IF(J15="기능변경",L15/H15,""),"") -> 0.5 | O15: =IF(J15="기능변경",IF(F15="ILF",N15,IF(F15="EIF","재검토",IF(M15=0,N15,IF(N15=0,M15,(M15+N15)/2)))),"") -> 0.5 | P15: =IF(O15<>0,IF(J15="기능변경",IF(O15<=0.33,0.25,IF(O15>0.66,0.75,0.5)),IF(J15="기능삭제",0,"")),"") -> 0.5 | Q15: =IFERROR(I15*P15,"") -> 1.95
D16: 자료유통현황 | F16: EQ | G16: 2 | H16: 2 | I16: =IF(F16="","",IF(F16="EI",4,IF(F16="EO",5.2,IF(F16="EQ",3.9,IF(F16="ILF",7.5,IF(F16="EIF",5.4)))))) -> 3.9 | J16: 기능변경 | K16: 1 | L16: 1 | M16: =IFERROR(IF(J16="기능변경",K16/G16,""),"") -> 0.5 | N16: =IFERROR(IF(J16="기능변경",L16/H16,""),"") -> 0.5 | O16: =IF(J16="기능변경",IF(F16="ILF",N16,IF(F16="EIF","재검토",IF(M16=0,N16,IF(N16=0,M16,(M16+N16)/2)))),"") -> 0.5 | P16: =IF(O16<>0,IF(J16="기능변경",IF(O16<=0.33,0.25,IF(O16>0.66,0.75,0.5)),IF(J16="기능삭제",0,"")),"") -> 0.5 | Q16: =IFERROR(I16*P16,"") -> 1.95
D17: 자료신청 | F17: EQ | G17: 2 | H17: 2 | I17: =IF(F17="","",IF(F17="EI",4,IF(F17="EO",5.2,IF(F17="EQ",3.9,IF(F17="ILF",7.5,IF(F17="EIF",5.4)))))) -> 3.9 | J17: 기능변경 | K17: 1 | L17: 1 | M17: =IFERROR(IF(J17="기능변경",K17/G17,""),"") -> 0.5 | N17: =IFERROR(IF(J17="기능변경",L17/H17,""),"") -> 0.5 | O17: =IF(J17="기능변경",IF(F17="ILF",N17,IF(F17="EIF","재검토",IF(M17=0,N17,IF(N17=0,M17,(M17+N17)/2)))),"") -> 0.5 | P17: =IF(O17<>0,IF(J17="기능변경",IF(O17<=0.33,0.25,IF(O17>0.66,0.75,0.5)),IF(J17="기능삭제",0,"")),"") -> 0.5 | Q17: =IFERROR(I17*P17,"") -> 1.95
C18: 본인인증 | D18: 디지털원패스 인증 | F18: EIF | I18: =IF(F18="","",IF(F18="EI",4,IF(F18="EO",5.2,IF(F18="EQ",3.9,IF(F18="ILF",7.5,IF(F18="EIF",5.4)))))) -> 5.4 | J18: 수정없이 재사용 | M18: =IFERROR(IF(J18="기능변경",K18/G18,""),"") | N18: =IFERROR(IF(J18="기능변경",L18/H18,""),"") | O18: =IF(J18="기능변경",IF(F18="ILF",N18,IF(F18="EIF","재검토",IF(M18=0,N18,IF(N18=0,M18,(M18+N18)/2)))),"") | P18: =IF(O18<>0,IF(J18="기능변경",IF(O18<=0.33,0.25,IF(O18>0.66,0.75,0.5)),IF(J18="기능삭제",0,"")),"") | Q18: =IFERROR(I18*P18,"")
D19: PASS 인증 | F19: EIF | I19: =IF(F19="","",IF(F19="EI",4,IF(F19="EO",5.2,IF(F19="EQ",3.9,IF(F19="ILF",7.5,IF(F19="EIF",5.4)))))) -> 5.4 | J19: 수정없이 재사용
D20: 데이터 활용사례 | F20: EQ | I20: =IF(F20="","",IF(F20="EI",4,IF(F20="EO",5.2,IF(F20="EQ",3.9,IF(F20="ILF",7.5,IF(F20="EIF",5.4)))))) -> 3.9 | J20: 신규개발 | M20: =IFERROR(IF(J20="기능변경",K20/G20,""),"") | N20: =IFERROR(IF(J20="기능변경",L20/H20,""),"") | O20: =IF(J20="기능변경",IF(F20="ILF",N20,IF(F20="EIF","재검토",IF(M20=0,N20,IF(N20=0,M20,(M20+N20)/2)))),"") | P20: =IF(O20<>0,IF(J20="기능변경",IF(O20<=0.33,0.25,IF(O20>0.66,0.75,0.5)),IF(J20="기능삭제",0,"")),"") | Q20: =IFERROR(I20*P20,"")
C21: API 신청 | D21: API 신청 등록 | F21: EI | I21: =IF(F21="","",IF(F21="EI",4,IF(F21="EO",5.2,IF(F21="EQ",3.9,IF(F21="ILF",7.5,IF(F21="EIF",5.4)))))) -> 4 | J21: 신규개발 | M21: =IFERROR(IF(J21="기능변경",K21/G21,""),"") | N21: =IFERROR(IF(J21="기능변경",L21/H21,""),"") | O21: =IF(J21="기능변경",IF(F21="ILF",N21,IF(F21="EIF","재검토",IF(M21=0,N21,IF(N21=0,M21,(M21+N21)/2)))),"") | P21: =IF(O21<>0,IF(J21="기능변경",IF(O21<=0.33,0.25,IF(O21>0.66,0.75,0.5)),IF(J21="기능삭제",0,"")),"") | Q21: =IFERROR(I21*P21,"")
D22: API 신청 정보조회 | F22: EQ | G22: 2 | H22: 2 | I22: =IF(F22="","",IF(F22="EI",4,IF(F22="EO",5.2,IF(F22="EQ",3.9,IF(F22="ILF",7.5,IF(F22="EIF",5.4)))))) -> 3.9 | J22: 기능변경 | K22: 1 | L22: 1 | M22: =IFERROR(IF(J22="기능변경",K22/G22,""),"") -> 0.5 | N22: =IFERROR(IF(J22="기능변경",L22/H22,""),"") -> 0.5 | O22: =IF(J22="기능변경",IF(F22="ILF",N22,IF(F22="EIF","재검토",IF(M22=0,N22,IF(N22=0,M22,(M22+N22)/2)))),"") -> 0.5 | P22: =IF(O22<>0,IF(J22="기능변경",IF(O22<=0.33,0.25,IF(O22>0.66,0.75,0.5)),IF(J22="기능삭제",0,"")),"") -> 0.5 | Q22: =IFERROR(I22*P22,"") -> 1.95
B23: 지도 서비스 | C23: 배경지도 | D23: 항공사진 레이어 | F23: EQ | G23: 2 | H23: 2 | I23: =IF(F23="","",IF(F23="EI",4,IF(F23="EO",5.2,IF(F23="EQ",3.9,IF(F23="ILF",7.5,IF(F23="EIF",5.4)))))) -> 3.9 | J23: 기능변경 | K23: 1 | L23: 1 | M23: =IFERROR(IF(J23="기능변경",K23/G23,""),"") -> 0.5 | N23: =IFERROR(IF(J23="기능변경",L23/H23,""),"") -> 0.5 | O23: =IF(J23="기능변경",IF(F23="ILF",N23,IF(F23="EIF","재검토",IF(M23=0,N23,IF(N23=0,M23,(M23+N23)/2)))),"") -> 0.5 | P23: =IF(O23<>0,IF(J23="기능변경",IF(O23<=0.33,0.25,IF(O23>0.66,0.75,0.5)),IF(J23="기능삭제",0,"")),"") -> 0.5 | Q23: =IFERROR(I23*P23,"") -> 1.95
D24: 일반(인터넷지도) 불러오기 | F24: EQ | G24: 2 | H24: 2 | I24: =IF(F24="","",IF(F24="EI",4,IF(F24="EO",5.2,IF(F24="EQ",3.9,IF(F24="ILF",7.5,IF(F24="EIF",5.4)))))) -> 3.9 | J24: 기능변경 | K24: 1 | L24: 1 | M24: =IFERROR(IF(J24="기능변경",K24/G24,""),"") -> 0.5 | N24: =IFERROR(IF(J24="기능변경",L24/H24,""),"") -> 0.5 | O24: =IF(J24="기능변경",IF(F24="ILF",N24,IF(F24="EIF","재검토",IF(M24=0,N24,IF(N24=0,M24,(M24+N24)/2)))),"") -> 0.5 | P24: =IF(O24<>0,IF(J24="기능변경",IF(O24<=0.33,0.25,IF(O24>0.66,0.75,0.5)),IF(J24="기능삭제",0,"")),"") -> 0.5 | Q24: =IFERROR(I24*P24,"") -> 1.95
C25: 과거산림항공영상 | D25: 과거항공사진 불러오기 | F25: EQ | G25: 2 | H25: 2 | I25: =IF(F25="","",IF(F25="EI",4,IF(F25="EO",5.2,IF(F25="EQ",3.9,IF(F25="ILF",7.5,IF(F25="EIF",5.4)))))) -> 3.9 | J25: 기능변경 | K25: 1 | L25: 1 | M25: =IFERROR(IF(J25="기능변경",K25/G25,""),"") -> 0.5 | N25: =IFERROR(IF(J25="기능변경",L25/H25,""),"") -> 0.5 | O25: =IF(J25="기능변경",IF(F25="ILF",N25,IF(F25="EIF","재검토",IF(M25=0,N25,IF(N25=0,M25,(M25+N25)/2)))),"") -> 0.5 | P25: =IF(O25<>0,IF(J25="기능변경",IF(O25<=0.33,0.25,IF(O25>0.66,0.75,0.5)),IF(J25="기능삭제",0,"")),"") -> 0.5 | Q25: =IFERROR(I25*P25,"") -> 1.95
C26: 지적경계 | D26: 지적경계 불러오기 | F26: EQ | G26: 2 | H26: 2 | I26: =IF(F26="","",IF(F26="EI",4,IF(F26="EO",5.2,IF(F26="EQ",3.9,IF(F26="ILF",7.5,IF(F26="EIF",5.4)))))) -> 3.9 | J26: 기능변경 | K26: 1 | L26: 1 | M26: =IFERROR(IF(J26="기능변경",K26/G26,""),"") -> 0.5 | N26: =IFERROR(IF(J26="기능변경",L26/H26,""),"") -> 0.5 | O26: =IF(J26="기능변경",IF(F26="ILF",N26,IF(F26="EIF","재검토",IF(M26=0,N26,IF(N26=0,M26,(M26+N26)/2)))),"") -> 0.5 | P26: =IF(O26<>0,IF(J26="기능변경",IF(O26<=0.33,0.25,IF(O26>0.66,0.75,0.5)),IF(J26="기능삭제",0,"")),"") -> 0.5 | Q26: =IFERROR(I26*P26,"") -> 1.95
C27: 내 산 위치 찾기 | D27: 주소검색 | F27: EQ | G27: 2 | H27: 2 | I27: =IF(F27="","",IF(F27="EI",4,IF(F27="EO",5.2,IF(F27="EQ",3.9,IF(F27="ILF",7.5,IF(F27="EIF",5.4)))))) -> 3.9 | J27: 기능변경 | K27: 1 | L27: 1 | M27: =IFERROR(IF(J27="기능변경",K27/G27,""),"") -> 0.5 | N27: =IFERROR(IF(J27="기능변경",L27/H27,""),"") -> 0.5 | O27: =IF(J27="기능변경",IF(F27="ILF",N27,IF(F27="EIF","재검토",IF(M27=0,N27,IF(N27=0,M27,(M27+N27)/2)))),"") -> 0.5 | P27: =IF(O27<>0,IF(J27="기능변경",IF(O27<=0.33,0.25,IF(O27>0.66,0.75,0.5)),IF(J27="기능삭제",0,"")),"") -> 0.5 | Q27: =IFERROR(I27*P27,"") -> 1.95
D28: 도엽검색 | F28: EQ | G28: 2 | H28: 2 | I28: =IF(F28="","",IF(F28="EI",4,IF(F28="EO",5.2,IF(F28="EQ",3.9,IF(F28="ILF",7.5,IF(F28="EIF",5.4)))))) -> 3.9 | J28: 기능변경 | K28: 1 | L28: 1 | M28: =IFERROR(IF(J28="기능변경",K28/G28,""),"") -> 0.5 | N28: =IFERROR(IF(J28="기능변경",L28/H28,""),"") -> 0.5 | O28: =IF(J28="기능변경",IF(F28="ILF",N28,IF(F28="EIF","재검토",IF(M28=0,N28,IF(N28=0,M28,(M28+N28)/2)))),"") -> 0.5 | P28: =IF(O28<>0,IF(J28="기능변경",IF(O28<=0.33,0.25,IF(O28>0.66,0.75,0.5)),IF(J28="기능삭제",0,"")),"") -> 0.5 | Q28: =IFERROR(I28*P28,"") -> 1.95
D29: 산림정보분석 | F29: EO | G29: 2 | H29: 2 | I29: =IF(F29="","",IF(F29="EI",4,IF(F29="EO",5.2,IF(F29="EQ",3.9,IF(F29="ILF",7.5,IF(F29="EIF",5.4)))))) -> 5.2 | J29: 기능변경 | K29: 1 | L29: 1 | M29: =IFERROR(IF(J29="기능변경",K29/G29,""),"") -> 0.5 | N29: =IFERROR(IF(J29="기능변경",L29/H29,""),"") -> 0.5 | O29: =IF(J29="기능변경",IF(F29="ILF",N29,IF(F29="EIF","재검토",IF(M29=0,N29,IF(N29=0,M29,(M29+N29)/2)))),"") -> 0.5 | P29: =IF(O29<>0,IF(J29="기능변경",IF(O29<=0.33,0.25,IF(O29>0.66,0.75,0.5)),IF(J29="기능삭제",0,"")),"") -> 0.5 | Q29: =IFERROR(I29*P29,"") -> 2.6
C30: 산림지도 불러오기 | D30: 등산로 검색 | E30: 등산로 레이어를 화면에 표출하고 검색할수 있다 | F30: EQ | G30: 2 | H30: 2 | I30: =IF(F30="","",IF(F30="EI",4,IF(F30="EO",5.2,IF(F30="EQ",3.9,IF(F30="ILF",7.5,IF(F30="EIF",5.4)))))) -> 3.9 | J30: 기능변경 | K30: 1 | L30: 1 | M30: =IFERROR(IF(J30="기능변경",K30/G30,""),"") -> 0.5 | N30: =IFERROR(IF(J30="기능변경",L30/H30,""),"") -> 0.5 | O30: =IF(J30="기능변경",IF(F30="ILF",N30,IF(F30="EIF","재검토",IF(M30=0,N30,IF(N30=0,M30,(M30+N30)/2)))),"") -> 0.5 | P30: =IF(O30<>0,IF(J30="기능변경",IF(O30<=0.33,0.25,IF(O30>0.66,0.75,0.5)),IF(J30="기능삭제",0,"")),"") -> 0.5 | Q30: =IFERROR(I30*P30,"") -> 1.95
D31: 유아숲 체험 검색 | F31: EQ | G31: 2 | H31: 2 | I31: =IF(F31="","",IF(F31="EI",4,IF(F31="EO",5.2,IF(F31="EQ",3.9,IF(F31="ILF",7.5,IF(F31="EIF",5.4)))))) -> 3.9 | J31: 기능변경 | K31: 1 | L31: 1 | M31: =IFERROR(IF(J31="기능변경",K31/G31,""),"") -> 0.5 | N31: =IFERROR(IF(J31="기능변경",L31/H31,""),"") -> 0.5 | O31: =IF(J31="기능변경",IF(F31="ILF",N31,IF(F31="EIF","재검토",IF(M31=0,N31,IF(N31=0,M31,(M31+N31)/2)))),"") -> 0.5 | P31: =IF(O31<>0,IF(J31="기능변경",IF(O31<=0.33,0.25,IF(O31>0.66,0.75,0.5)),IF(J31="기능삭제",0,"")),"") -> 0.5 | Q31: =IFERROR(I31*P31,"") -> 1.95
D32: 산림교육센터 검색 | F32: EQ | G32: 2 | H32: 2 | I32: =IF(F32="","",IF(F32="EI",4,IF(F32="EO",5.2,IF(F32="EQ",3.9,IF(F32="ILF",7.5,IF(F32="EIF",5.4)))))) -> 3.9 | J32: 기능변경 | K32: 1 | L32: 1 | M32: =IFERROR(IF(J32="기능변경",K32/G32,""),"") -> 0.5 | N32: =IFERROR(IF(J32="기능변경",L32/H32,""),"") -> 0.5 | O32: =IF(J32="기능변경",IF(F32="ILF",N32,IF(F32="EIF","재검토",IF(M32=0,N32,IF(N32=0,M32,(M32+N32)/2)))),"") -> 0.5 | P32: =IF(O32<>0,IF(J32="기능변경",IF(O32<=0.33,0.25,IF(O32>0.66,0.75,0.5)),IF(J32="기능삭제",0,"")),"") -> 0.5 | Q32: =IFERROR(I32*P32,"") -> 1.95
D33: 치유의 숲 검색 | F33: EQ | G33: 2 | H33: 2 | I33: =IF(F33="","",IF(F33="EI",4,IF(F33="EO",5.2,IF(F33="EQ",3.9,IF(F33="ILF",7.5,IF(F33="EIF",5.4)))))) -> 3.9 | J33: 기능변경 | K33: 1 | L33: 1 | M33: =IFERROR(IF(J33="기능변경",K33/G33,""),"") -> 0.5 | N33: =IFERROR(IF(J33="기능변경",L33/H33,""),"") -> 0.5 | O33: =IF(J33="기능변경",IF(F33="ILF",N33,IF(F33="EIF","재검토",IF(M33=0,N33,IF(N33=0,M33,(M33+N33)/2)))),"") -> 0.5 | P33: =IF(O33<>0,IF(J33="기능변경",IF(O33<=0.33,0.25,IF(O33>0.66,0.75,0.5)),IF(J33="기능삭제",0,"")),"") -> 0.5 | Q33: =IFERROR(I33*P33,"") -> 1.95
D34: 산림교육전문가 양성기관 검색 | F34: EQ | G34: 2 | H34: 2 | I34: =IF(F34="","",IF(F34="EI",4,IF(F34="EO",5.2,IF(F34="EQ",3.9,IF(F34="ILF",7.5,IF(F34="EIF",5.4)))))) -> 3.9 | J34: 기능변경 | K34: 1 | L34: 1 | M34: =IFERROR(IF(J34="기능변경",K34/G34,""),"") -> 0.5 | N34: =IFERROR(IF(J34="기능변경",L34/H34,""),"") -> 0.5 | O34: =IF(J34="기능변경",IF(F34="ILF",N34,IF(F34="EIF","재검토",IF(M34=0,N34,IF(N34=0,M34,(M34+N34)/2)))),"") -> 0.5 | P34: =IF(O34<>0,IF(J34="기능변경",IF(O34<=0.33,0.25,IF(O34>0.66,0.75,0.5)),IF(J34="기능삭제",0,"")),"") -> 0.5 | Q34: =IFERROR(I34*P34,"") -> 1.95
D35: 산길(임도망도) 검색 | F35: EQ | G35: 2 | H35: 2 | I35: =IF(F35="","",IF(F35="EI",4,IF(F35="EO",5.2,IF(F35="EQ",3.9,IF(F35="ILF",7.5,IF(F35="EIF",5.4)))))) -> 3.9 | J35: 기능변경 | K35: 1 | L35: 1 | M35: =IFERROR(IF(J35="기능변경",K35/G35,""),"") -> 0.5 | N35: =IFERROR(IF(J35="기능변경",L35/H35,""),"") -> 0.5 | O35: =IF(J35="기능변경",IF(F35="ILF",N35,IF(F35="EIF","재검토",IF(M35=0,N35,IF(N35=0,M35,(M35+N35)/2)))),"") -> 0.5 | P35: =IF(O35<>0,IF(J35="기능변경",IF(O35<=0.33,0.25,IF(O35>0.66,0.75,0.5)),IF(J35="기능삭제",0,"")),"") -> 0.5 | Q35: =IFERROR(I35*P35,"") -> 1.95
D36: 테마임도 검색 | F36: EQ | G36: 2 | H36: 2 | I36: =IF(F36="","",IF(F36="EI",4,IF(F36="EO",5.2,IF(F36="EQ",3.9,IF(F36="ILF",7.5,IF(F36="EIF",5.4)))))) -> 3.9 | J36: 기능변경 | K36: 1 | L36: 1 | M36: =IFERROR(IF(J36="기능변경",K36/G36,""),"") -> 0.5 | N36: =IFERROR(IF(J36="기능변경",L36/H36,""),"") -> 0.5 | O36: =IF(J36="기능변경",IF(F36="ILF",N36,IF(F36="EIF","재검토",IF(M36=0,N36,IF(N36=0,M36,(M36+N36)/2)))),"") -> 0.5 | P36: =IF(O36<>0,IF(J36="기능변경",IF(O36<=0.33,0.25,IF(O36>0.66,0.75,0.5)),IF(J36="기능삭제",0,"")),"") -> 0.5 | Q36: =IFERROR(I36*P36,"") -> 1.95
D37: 나무지도(대축척 임상도) 검색 | F37: EQ | G37: 2 | H37: 2 | I37: =IF(F37="","",IF(F37="EI",4,IF(F37="EO",5.2,IF(F37="EQ",3.9,IF(F37="ILF",7.5,IF(F37="EIF",5.4)))))) -> 3.9 | J37: 기능변경 | K37: 1 | L37: 1 | M37: =IFERROR(IF(J37="기능변경",K37/G37,""),"") -> 0.5 | N37: =IFERROR(IF(J37="기능변경",L37/H37,""),"") -> 0.5 | O37: =IF(J37="기능변경",IF(F37="ILF",N37,IF(F37="EIF","재검토",IF(M37=0,N37,IF(N37=0,M37,(M37+N37)/2)))),"") -> 0.5 | P37: =IF(O37<>0,IF(J37="기능변경",IF(O37<=0.33,0.25,IF(O37>0.66,0.75,0.5)),IF(J37="기능삭제",0,"")),"") -> 0.5 | Q37: =IFERROR(I37*P37,"") -> 1.95
D38: 나무지도(소축척 임상도) 검색 | F38: EQ | G38: 2 | H38: 2 | I38: =IF(F38="","",IF(F38="EI",4,IF(F38="EO",5.2,IF(F38="EQ",3.9,IF(F38="ILF",7.5,IF(F38="EIF",5.4)))))) -> 3.9 | J38: 기능변경 | K38: 1 | L38: 1 | M38: =IFERROR(IF(J38="기능변경",K38/G38,""),"") -> 0.5 | N38: =IFERROR(IF(J38="기능변경",L38/H38,""),"") -> 0.5 | O38: =IF(J38="기능변경",IF(F38="ILF",N38,IF(F38="EIF","재검토",IF(M38=0,N38,IF(N38=0,M38,(M38+N38)/2)))),"") -> 0.5 | P38: =IF(O38<>0,IF(J38="기능변경",IF(O38<=0.33,0.25,IF(O38>0.66,0.75,0.5)),IF(J38="기능삭제",0,"")),"") -> 0.5 | Q38: =IFERROR(I38*P38,"") -> 1.95
D39: 산림토양도(대축척 산림입지토양도) 검색 | F39: EQ | G39: 2 | H39: 2 | I39: =IF(F39="","",IF(F39="EI",4,IF(F39="EO",5.2,IF(F39="EQ",3.9,IF(F39="ILF",7.5,IF(F39="EIF",5.4)))))) -> 3.9 | J39: 기능변경 | K39: 1 | L39: 1 | M39: =IFERROR(IF(J39="기능변경",K39/G39,""),"") -> 0.5 | N39: =IFERROR(IF(J39="기능변경",L39/H39,""),"") -> 0.5 | O39: =IF(J39="기능변경",IF(F39="ILF",N39,IF(F39="EIF","재검토",IF(M39=0,N39,IF(N39=0,M39,(M39+N39)/2)))),"") -> 0.5 | P39: =IF(O39<>0,IF(J39="기능변경",IF(O39<=0.33,0.25,IF(O39>0.66,0.75,0.5)),IF(J39="기능삭제",0,"")),"") -> 0.5 | Q39: =IFERROR(I39*P39,"") -> 1.95
D40: 산림토양도(소축척 산림입지토양도) 검색 | F40: EQ | G40: 2 | H40: 2 | I40: =IF(F40="","",IF(F40="EI",4,IF(F40="EO",5.2,IF(F40="EQ",3.9,IF(F40="ILF",7.5,IF(F40="EIF",5.4)))))) -> 3.9 | J40: 기능변경 | K40: 1 | L40: 1 | M40: =IFERROR(IF(J40="기능변경",K40/G40,""),"") -> 0.5 | N40: =IFERROR(IF(J40="기능변경",L40/H40,""),"") -> 0.5 | O40: =IF(J40="기능변경",IF(F40="ILF",N40,IF(F40="EIF","재검토",IF(M40=0,N40,IF(N40=0,M40,(M40+N40)/2)))),"") -> 0.5 | P40: =IF(O40<>0,IF(J40="기능변경",IF(O40<=0.33,0.25,IF(O40>0.66,0.75,0.5)),IF(J40="기능삭제",0,"")),"") -> 0.5 | Q40: =IFERROR(I40*P40,"") -> 1.95
D41: 대축척 맞춤형 조림지도 검색 | F41: EQ | G41: 2 | H41: 2 | I41: =IF(F41="","",IF(F41="EI",4,IF(F41="EO",5.2,IF(F41="EQ",3.9,IF(F41="ILF",7.5,IF(F41="EIF",5.4)))))) -> 3.9 | J41: 기능변경 | K41: 1 | L41: 1 | M41: =IFERROR(IF(J41="기능변경",K41/G41,""),"") -> 0.5 | N41: =IFERROR(IF(J41="기능변경",L41/H41,""),"") -> 0.5 | O41: =IF(J41="기능변경",IF(F41="ILF",N41,IF(F41="EIF","재검토",IF(M41=0,N41,IF(N41=0,M41,(M41+N41)/2)))),"") -> 0.5 | P41: =IF(O41<>0,IF(J41="기능변경",IF(O41<=0.33,0.25,IF(O41>0.66,0.75,0.5)),IF(J41="기능삭제",0,"")),"") -> 0.5 | Q41: =IFERROR(I41*P41,"") -> 1.95
D42: 소축척 맞춤형 조림지도 검색 | F42: EQ | G42: 2 | H42: 2 | I42: =IF(F42="","",IF(F42="EI",4,IF(F42="EO",5.2,IF(F42="EQ",3.9,IF(F42="ILF",7.5,IF(F42="EIF",5.4)))))) -> 3.9 | J42: 기능변경 | K42: 1 | L42: 1 | M42: =IFERROR(IF(J42="기능변경",K42/G42,""),"") -> 0.5 | N42: =IFERROR(IF(J42="기능변경",L42/H42,""),"") -> 0.5 | O42: =IF(J42="기능변경",IF(F42="ILF",N42,IF(F42="EIF","재검토",IF(M42=0,N42,IF(N42=0,M42,(M42+N42)/2)))),"") -> 0.5 | P42: =IF(O42<>0,IF(J42="기능변경",IF(O42<=0.33,0.25,IF(O42>0.66,0.75,0.5)),IF(J42="기능삭제",0,"")),"") -> 0.5 | Q42: =IFERROR(I42*P42,"") -> 1.95
... D50: 휴양림고시구역도 검색 | F50: EQ | G50: 2 | H50: 2 | I50: =IF(F50="","",IF(F50="EI",4,IF(F50="EO",5.2,IF(F50="EQ",3.9,IF(F50="ILF",7.5,IF(F50="EIF",5.4)))))) -> 3.9 | J50: 기능변경 | K50: 1 | L50: 1 | M50: =IFERROR(IF(J50="기능변경",K50/G50,""),"") -> 0.5 | N50: =IFERROR(IF(J50="기능변경",L50/H50,""),"") -> 0.5 | O50: =IF(J50="기능변경",IF(F50="ILF",N50,IF(F50="EIF","재검토",IF(M50=0,N50,IF(N50=0,M50,(M50+N50)/2)))),"") -> 0.5 | P50: =IF(O50<>0,IF(J50="기능변경",IF(O50<=0.33,0.25,IF(O50>0.66,0.75,0.5)),IF(J50="기능삭제",0,"")),"") -> 0.5 | Q50: =IFERROR(I50*P50,"") -> 1.95
C51: 데이터 다운로드 | D51: 선택영역 데이터 다운로드 | F51: EO | G51: 2 | H51: 2 | I51: =IF(F51="","",IF(F51="EI",4,IF(F51="EO",5.2,IF(F51="EQ",3.9,IF(F51="ILF",7.5,IF(F51="EIF",5.4)))))) -> 5.2 | J51: 기능변경 | K51: 1 | L51: 1 | M51: =IFERROR(IF(J51="기능변경",K51/G51,""),"") -> 0.5 | N51: =IFERROR(IF(J51="기능변경",L51/H51,""),"") -> 0.5 | O51: =IF(J51="기능변경",IF(F51="ILF",N51,IF(F51="EIF","재검토",IF(M51=0,N51,IF(N51=0,M51,(M51+N51)/2)))),"") -> 0.5 | P51: =IF(O51<>0,IF(J51="기능변경",IF(O51<=0.33,0.25,IF(O51>0.66,0.75,0.5)),IF(J51="기능삭제",0,"")),"") -> 0.5 | Q51: =IFERROR(I51*P51,"") -> 2.6
C52: 지도 기본기능 | D52: 속성정보 조회 | F52: EQ | G52: 2 | H52: 2 | I52: =IF(F52="","",IF(F52="EI",4,IF(F52="EO",5.2,IF(F52="EQ",3.9,IF(F52="ILF",7.5,IF(F52="EIF",5.4)))))) -> 3.9 | J52: 기능변경 | K52: 1 | L52: 1 | M52: =IFERROR(IF(J52="기능변경",K52/G52,""),"") -> 0.5 | N52: =IFERROR(IF(J52="기능변경",L52/H52,""),"") -> 0.5 | O52: =IF(J52="기능변경",IF(F52="ILF",N52,IF(F52="EIF","재검토",IF(M52=0,N52,IF(N52=0,M52,(M52+N52)/2)))),"") -> 0.5 | P52: =IF(O52<>0,IF(J52="기능변경",IF(O52<=0.33,0.25,IF(O52>0.66,0.75,0.5)),IF(J52="기능삭제",0,"")),"") -> 0.5 | Q52: =IFERROR(I52*P52,"") -> 1.95
D53: 메타데이터 조회 | F53: EQ | G53: 2 | H53: 2 | I53: =IF(F53="","",IF(F53="EI",4,IF(F53="EO",5.2,IF(F53="EQ",3.9,IF(F53="ILF",7.5,IF(F53="EIF",5.4)))))) -> 3.9 | J53: 기능변경 | K53: 1 | L53: 1 | M53: =IFERROR(IF(J53="기능변경",K53/G53,""),"") -> 0.5 | N53: =IFERROR(IF(J53="기능변경",L53/H53,""),"") -> 0.5 | O53: =IF(J53="기능변경",IF(F53="ILF",N53,IF(F53="EIF","재검토",IF(M53=0,N53,IF(N53=0,M53,(M53+N53)/2)))),"") -> 0.5 | P53: =IF(O53<>0,IF(J53="기능변경",IF(O53<=0.33,0.25,IF(O53>0.66,0.75,0.5)),IF(J53="기능삭제",0,"")),"") -> 0.5 | Q53: =IFERROR(I53*P53,"") -> 1.95
D54: 지도 전체보기 | F54: EQ | G54: 2 | H54: 2 | I54: =IF(F54="","",IF(F54="EI",4,IF(F54="EO",5.2,IF(F54="EQ",3.9,IF(F54="ILF",7.5,IF(F54="EIF",5.4)))))) -> 3.9 | J54: 기능변경 | K54: 1 | L54: 1 | M54: =IFERROR(IF(J54="기능변경",K54/G54,""),"") -> 0.5 | N54: =IFERROR(IF(J54="기능변경",L54/H54,""),"") -> 0.5 | O54: =IF(J54="기능변경",IF(F54="ILF",N54,IF(F54="EIF","재검토",IF(M54=0,N54,IF(N54=0,M54,(M54+N54)/2)))),"") -> 0.5 | P54: =IF(O54<>0,IF(J54="기능변경",IF(O54<=0.33,0.25,IF(O54>0.66,0.75,0.5)),IF(J54="기능삭제",0,"")),"") -> 0.5 | Q54: =IFERROR(I54*P54,"") -> 1.95
D55: 새로고침 | F55: EQ | G55: 2 | H55: 2 | I55: =IF(F55="","",IF(F55="EI",4,IF(F55="EO",5.2,IF(F55="EQ",3.9,IF(F55="ILF",7.5,IF(F55="EIF",5.4)))))) -> 3.9 | J55: 기능변경 | K55: 1 | L55: 1 | M55: =IFERROR(IF(J55="기능변경",K55/G55,""),"") -> 0.5 | N55: =IFERROR(IF(J55="기능변경",L55/H55,""),"") -> 0.5 | O55: =IF(J55="기능변경",IF(F55="ILF",N55,IF(F55="EIF","재검토",IF(M55=0,N55,IF(N55=0,M55,(M55+N55)/2)))),"") -> 0.5 | P55: =IF(O55<>0,IF(J55="기능변경",IF(O55<=0.33,0.25,IF(O55>0.66,0.75,0.5)),IF(J55="기능삭제",0,"")),"") -> 0.5 | Q55: =IFERROR(I55*P55,"") -> 1.95
D56: 지도인쇄 | F56: EO | G56: 2 | H56: 2 | I56: =IF(F56="","",IF(F56="EI",4,IF(F56="EO",5.2,IF(F56="EQ",3.9,IF(F56="ILF",7.5,IF(F56="EIF",5.4)))))) -> 5.2 | J56: 기능변경 | K56: 1 | L56: 1 | M56: =IFERROR(IF(J56="기능변경",K56/G56,""),"") -> 0.5 | N56: =IFERROR(IF(J56="기능변경",L56/H56,""),"") -> 0.5 | O56: =IF(J56="기능변경",IF(F56="ILF",N56,IF(F56="EIF","재검토",IF(M56=0,N56,IF(N56=0,M56,(M56+N56)/2)))),"") -> 0.5 | P56: =IF(O56<>0,IF(J56="기능변경",IF(O56<=0.33,0.25,IF(O56>0.66,0.75,0.5)),IF(J56="기능삭제",0,"")),"") -> 0.5 | Q56: =IFERROR(I56*P56,"") -> 2.6
D57: 지도확대/축소 | F57: EQ | G57: 2 | H57: 2 | I57: =IF(F57="","",IF(F57="EI",4,IF(F57="EO",5.2,IF(F57="EQ",3.9,IF(F57="ILF",7.5,IF(F57="EIF",5.4)))))) -> 3.9 | J57: 기능변경 | K57: 1 | L57: 1 | M57: =IFERROR(IF(J57="기능변경",K57/G57,""),"") -> 0.5 | N57: =IFERROR(IF(J57="기능변경",L57/H57,""),"") -> 0.5 | O57: =IF(J57="기능변경",IF(F57="ILF",N57,IF(F57="EIF","재검토",IF(M57=0,N57,IF(N57=0,M57,(M57+N57)/2)))),"") -> 0.5 | P57: =IF(O57<>0,IF(J57="기능변경",IF(O57<=0.33,0.25,IF(O57>0.66,0.75,0.5)),IF(J57="기능삭제",0,"")),"") -> 0.5 | Q57: =IFERROR(I57*P57,"") -> 1.95
D58: 지도 이동 | F58: EQ | G58: 2 | H58: 2 | I58: =IF(F58="","",IF(F58="EI",4,IF(F58="EO",5.2,IF(F58="EQ",3.9,IF(F58="ILF",7.5,IF(F58="EIF",5.4)))))) -> 3.9 | J58: 기능변경 | K58: 1 | L58: 1 | M58: =IFERROR(IF(J58="기능변경",K58/G58,""),"") -> 0.5 | N58: =IFERROR(IF(J58="기능변경",L58/H58,""),"") -> 0.5 | O58: =IF(J58="기능변경",IF(F58="ILF",N58,IF(F58="EIF","재검토",IF(M58=0,N58,IF(N58=0,M58,(M58+N58)/2)))),"") -> 0.5 | P58: =IF(O58<>0,IF(J58="기능변경",IF(O58<=0.33,0.25,IF(O58>0.66,0.75,0.5)),IF(J58="기능삭제",0,"")),"") -> 0.5 | Q58: =IFERROR(I58*P58,"") -> 1.95
D59: 이전/다음 | F59: EQ | G59: 2 | H59: 2 | I59: =IF(F59="","",IF(F59="EI",4,IF(F59="EO",5.2,IF(F59="EQ",3.9,IF(F59="ILF",7.5,IF(F59="EIF",5.4)))))) -> 3.9 | J59: 기능변경 | K59: 1 | L59: 1 | M59: =IFERROR(IF(J59="기능변경",K59/G59,""),"") -> 0.5 | N59: =IFERROR(IF(J59="기능변경",L59/H59,""),"") -> 0.5 | O59: =IF(J59="기능변경",IF(F59="ILF",N59,IF(F59="EIF","재검토",IF(M59=0,N59,IF(N59=0,M59,(M59+N59)/2)))),"") -> 0.5 | P59: =IF(O59<>0,IF(J59="기능변경",IF(O59<=0.33,0.25,IF(O59>0.66,0.75,0.5)),IF(J59="기능삭제",0,"")),"") -> 0.5 | Q59: =IFERROR(I59*P59,"") -> 1.95
D60: 거리재기 | F60: EQ | G60: 2 | H60: 2 | I60: =IF(F60="","",IF(F60="EI",4,IF(F60="EO",5.2,IF(F60="EQ",3.9,IF(F60="ILF",7.5,IF(F60="EIF",5.4)))))) -> 3.9 | J60: 기능변경 | K60: 1 | L60: 1 | M60: =IFERROR(IF(J60="기능변경",K60/G60,""),"") -> 0.5 | N60: =IFERROR(IF(J60="기능변경",L60/H60,""),"") -> 0.5 | O60: =IF(J60="기능변경",IF(F60="ILF",N60,IF(F60="EIF","재검토",IF(M60=0,N60,IF(N60=0,M60,(M60+N60)/2)))),"") -> 0.5 | P60: =IF(O60<>0,IF(J60="기능변경",IF(O60<=0.33,0.25,IF(O60>0.66,0.75,0.5)),IF(J60="기능삭제",0,"")),"") -> 0.5 | Q60: =IFERROR(I60*P60,"") -> 1.95
D61: 면적재기 | F61: EQ | G61: 2 | H61: 2 | I61: =IF(F61="","",IF(F61="EI",4,IF(F61="EO",5.2,IF(F61="EQ",3.9,IF(F61="ILF",7.5,IF(F61="EIF",5.4)))))) -> 3.9 | J61: 기능변경 | K61: 1 | L61: 1 | M61: =IFERROR(IF(J61="기능변경",K61/G61,""),"") -> 0.5 | N61: =IFERROR(IF(J61="기능변경",L61/H61,""),"") -> 0.5 | O61: =IF(J61="기능변경",IF(F61="ILF",N61,IF(F61="EIF","재검토",IF(M61=0,N61,IF(N61=0,M61,(M61+N61)/2)))),"") -> 0.5 | P61: =IF(O61<>0,IF(J61="기능변경",IF(O61<=0.33,0.25,IF(O61>0.66,0.75,0.5)),IF(J61="기능삭제",0,"")),"") -> 0.5 | Q61: =IFERROR(I61*P61,"") -> 1.95
D62: 지우기 | F62: EQ | G62: 2 | H62: 2 | I62: =IF(F62="","",IF(F62="EI",4,IF(F62="EO",5.2,IF(F62="EQ",3.9,IF(F62="ILF",7.5,IF(F62="EIF",5.4)))))) -> 3.9 | J62: 기능변경 | K62: 1 | L62: 1 | M62: =IFERROR(IF(J62="기능변경",K62/G62,""),"") -> 0.5 | N62: =IFERROR(IF(J62="기능변경",L62/H62,""),"") -> 0.5 | O62: =IF(J62="기능변경",IF(F62="ILF",N62,IF(F62="EIF","재검토",IF(M62=0,N62,IF(N62=0,M62,(M62+N62)/2)))),"") -> 0.5 | P62: =IF(O62<>0,IF(J62="기능변경",IF(O62<=0.33,0.25,IF(O62>0.66,0.75,0.5)),IF(J62="기능삭제",0,"")),"") -> 0.5 | Q62: =IFERROR(I62*P62,"") -> 1.95
D63: 점/선/면 그리기 | F63: EQ | G63: 2 | H63: 2 | I63: =IF(F63="","",IF(F63="EI",4,IF(F63="EO",5.2,IF(F63="EQ",3.9,IF(F63="ILF",7.5,IF(F63="EIF",5.4)))))) -> 3.9 | J63: 기능변경 | K63: 1 | L63: 1 | M63: =IFERROR(IF(J63="기능변경",K63/G63,""),"") -> 0.5 | N63: =IFERROR(IF(J63="기능변경",L63/H63,""),"") -> 0.5 | O63: =IF(J63="기능변경",IF(F63="ILF",N63,IF(F63="EIF","재검토",IF(M63=0,N63,IF(N63=0,M63,(M63+N63)/2)))),"") -> 0.5 | P63: =IF(O63<>0,IF(J63="기능변경",IF(O63<=0.33,0.25,IF(O63>0.66,0.75,0.5)),IF(J63="기능삭제",0,"")),"") -> 0.5 | Q63: =IFERROR(I63*P63,"") -> 1.95
D64: 텍스트 입력 | F64: EQ | G64: 2 | H64: 2 | I64: =IF(F64="","",IF(F64="EI",4,IF(F64="EO",5.2,IF(F64="EQ",3.9,IF(F64="ILF",7.5,IF(F64="EIF",5.4)))))) -> 3.9 | J64: 기능변경 | K64: 1 | L64: 1 | M64: =IFERROR(IF(J64="기능변경",K64/G64,""),"") -> 0.5 | N64: =IFERROR(IF(J64="기능변경",L64/H64,""),"") -> 0.5 | O64: =IF(J64="기능변경",IF(F64="ILF",N64,IF(F64="EIF","재검토",IF(M64=0,N64,IF(N64=0,M64,(M64+N64)/2)))),"") -> 0.5 | P64: =IF(O64<>0,IF(J64="기능변경",IF(O64<=0.33,0.25,IF(O64>0.66,0.75,0.5)),IF(J64="기능삭제",0,"")),"") -> 0.5 | Q64: =IFERROR(I64*P64,"") -> 1.95
I65: =IF(F65="","",IF(F65="EI",4,IF(F65="EO",5.2,IF(F65="EQ",3.9,IF(F65="ILF",7.5,IF(F65="EIF",5.4)))))) | J65: 기능변경 | K65: 1 | L65: 1 | M65: =IFERROR(IF(J65="기능변경",K65/G65,""),"") | N65: =IFERROR(IF(J65="기능변경",L65/H65,""),"") | O65: =IF(J65="기능변경",IF(F65="ILF",N65,IF(F65="EIF","재검토",IF(M65=0,N65,IF(N65=0,M65,(M65+N65)/2)))),"") -> #VALUE! | P65: =IF(O65<>0,IF(J65="기능변경",IF(O65<=0.33,0.25,IF(O65>0.66,0.75,0.5)),IF(J65="기능삭제",0,"")),"") -> #VALUE! | Q65: =IFERROR(I65*P65,"")

Sheet 6.데이터 관리체계 구축
B1: "산림공간 디지털플랫폼 사업_데이터관리체계" 소프트웨어 개발비 산정
L2: (소프트웨어사업 대가산정 가이드, 2022. KOSA)
B4: ○ 개발원가 산정 | L4: (단위 : 원)
B5: 총기능점수 | D5: 기능점수당 단가 | F5: 보정계수 | K5: 개발원가
F6: 규모 | G6: 연계복잡성 | H6: 성능 | I6: 운영환경 | J6: 보안성
B7: =J30 -> 887.4 | D7: 605784 | F7: =K21 -> 0.95583332 | G7: =K22 -> 1 | H7: =K23 -> 1.05 | I7: =K24 -> 1.13 | J7: =K25 -> 1.03 | K7: =PRODUCT(B7:J7) -> 6.2794897e+08
B8: 합계(보정 후 개발원가) | K8: =SUM(K7:L7) -> 6.2794897e+08
B9: 이윤 | J9: 0.2 | K9: =K8*J9 -> 1.2558979e+08
B10: 직접경비 | K10: =K17 -> 0
B11: 소프트웨어 개발비(부가세 별도) | K11: =SUM(K8:L10) -> 7.5353877e+08
B13: ○ 직접경비 | L13: (단위 : 원)
B14: 구분 | D14: 산출내역 | K14: 금액
B17: 합 계 | K17: =SUM(K15:L16) -> 0
B19: ○ 보정계수 산정
B20: 보정계수 구분 | D20: 복잡도 및 난이도 수준 | K20: 보정계수
B21: SW규모 | D21: ="= 0.4057 x (log e("&B7&") - 7.1978)^2 + 0.8878 (단, 500FP 미만 1.28, 3,000FP 초과 1.153 적용)" -> = 0.4057 x (log e(887.4) - 7.1978)^2 + 0.8878 (단, 500FP 미만 1.28, 3,000FP 초과 1.153 적용) | K21: =IF(B7<500,1.28,IF(B7>3000,1.153,0.4057*(LN(B7)-7.1978)^2+0.8878)) -> 0.95583332
B22: 연계복잡성 | D22: 3. 3~5개의 타 기관 연계 | K22: =VLOOKUP(D22,N22:O26,2,1) -> 1 | N22: 1. 타 기관 연계 없음 | O22: 0.88
B23: 성능 요구수준 | D23: 4. 응답시간이나 처리율이 모든 업무시간에 중요하며, 처리 시한이 명시되어 있다. | K23: =VLOOKUP(D23,N27:O31,2,1) -> 1.05 | N23: 2. 1~2개의 타 기관 연계 | O23: 0.94
B24: 운영환경 호환성 | D24: 4. 운영환경 호환성에 대한 요구사항이 있으며, 이질적인 하드웨어 및 소프트웨어 환경에서 운영되도록 설계된다. | K24: =VLOOKUP(D24,N32:O36,2,1) -> 1.13 | N24: 3. 3~5개의 타 기관 연계 | O24: 1
B25: 보안성 요구수준 | D25: 3. 3가지 요구사항이 포함되어 있다. | K25: =VLOOKUP(D25,N37:O41,2,1) -> 1.03 | N25: 4. 6~10개의 타 기관 연계 | O25: 1.06
N26: 5. 10개 초과의 타 기관 연계 | O26: 1.12
B27: ○ FP 집계 | N27: 1. 응답성능에 대한 특별한 요구사항이 없다. | O27: 0.91
B28: 구분 | E28: ILF | F28: EIF | G28: EI | H28: EO | I28: EQ | J28: 계 | N28: 2. 응답성능에 대한 요구사항이 있으나 특별한 조치가 필요하지는 않다. | O28: 0.95
B29: 기능수 | E29: =COUNTIF('6-1.FP산정(간이법)'!$F$5:$F10524,"ILF") -> 21 | F29: =COUNTIF('6-1.FP산정(간이법)'!$F$5:$F10524,"EIF") -> 0 | G29: =COUNTIF('6-1.FP산정(간이법)'!$F$5:$F10524,"EI") -> 58 | H29: =COUNTIF('6-1.FP산정(간이법)'!$F$5:$F10524,"EO") -> 68 | I29: =COUNTIF('6-1.FP산정(간이법)'!$F$5:$F10524,"EQ") -> 37 | J29: =SUM(E29:I29) -> 184 | N29: 3. 응답시간이나 처리율이 피크타임(peak time)에 중요하며, 처리 시한이 명시되어 있다. | O29: 1
B30: 기능점수 | E30: =SUMIF('6-1.FP산정(간이법)'!$F$5:$F10524,"ILF",'6-1.FP산정(간이법)'!$G$5:$G10524) -> 157.5 | F30: =SUMIF('6-1.FP산정(간이법)'!$F$5:$F10524,"EIF",'6-1.FP산정(간이법)'!$G$5:$G10524) -> 0 | G30: =SUMIF('6-1.FP산정(간이법)'!$F$5:$F10524,"EI",'6-1.FP산정(간이법)'!$G$5:$G10524) -> 232 | H30: =SUMIF('6-1.FP산정(간이법)'!$F$5:$F10524,"EO",'6-1.FP산정(간이법)'!$G$5:$G10524) -> 353.6 | I30: =SUMIF('6-1.FP산정(간이법)'!$F$5:$F10524,"EQ",'6-1.FP산정(간이법)'!$G$5:$G10524) -> 144.3 | J30: =SUM(E30:I30) -> 887.4 | N30: 4. 응답시간이나 처리율이 모든 업무시간에 중요하며, 처리 시한이 명시되어 있다. | O30: 1.05
B31: 비중 | E31: =IF($J$30>0,E30/$J$30,"-") -> 0.17748479 | F31: =IF($J$30>0,F30/$J$30,"-") -> 0 | G31: =IF($J$30>0,G30/$J$30,"-") -> 0.26143791 | H31: =IF($J$30>0,H30/$J$30,"-") -> 0.39846743 | I31: =IF($J$30>0,I30/$J$30,"-") -> 0.16260987 | J31: =SUM(E31:I31) -> 1 | N31: 5. 응답성능 요구수준이 엄격하여, 설계, 개발 또는 구현 단계에서 성능 분석도구 사용이 필요하다. | O31: 1.09
N32: 1. 운영환경 호환성에 대한 요구사항이 없다. | O32: 0.94
N33: 2. 운영환경 호환성에 대한 요구사항이 있으며, 동일 하드웨어 및 소프트웨어 환경에서 운영되도록 설계된다. | O33: 1
N34: 3. 운영환경 호환성에 대한 요구사항이 있으며, 유사 하드웨어 및 소프트웨어 환경에서 운영되도록 설계된다. | O34: 1.06
N35: 4. 운영환경 호환성에 대한 요구사항이 있으며, 이질적인 하드웨어 및 소프트웨어 환경에서 운영되도록 설계된다. | O35: 1.13
N36: 5. 항목 4에 더하여 일반적 산출물 이외에 장소에서 원활한 운영을 보장하기 위한 운영 절차의 문서화와 사전 모의훈련이 요구된다. | O36: 1.19
N37: 1. 암호화, 웹취약점 점검, 시큐어코딩, 개인정보보호 등 1가지 보안 요구사항이 포함되어 있다. | O37: 0.97
N38: 2. 2가지 요구사항이 포함되어 있다. | O38: 1
N39: 3. 3가지 요구사항이 포함되어 있다. | O39: 1.03
N40: 4. 4가지 항목이 모두 포함되어 있다. | O40: 1.06
N41: 5. 5가지 이상의 보안 요구사항이 포함되어 있다. | O41: 1.08

Sheet 6-1.FP산정(간이법)
B1: 기능점수 산정 (간이법)
B3: 기능명 | F3: 데이터 및 트랜잭션 기능 | G3: FP 산출 | H3: 비고
B4: ①어플리케이션명 | C4: ②세부 업무명 | D4: ③단위프로세스명 | E4: 단위프로세스 설명 | F4: ④FP유형 | G4: ⑤가중치
B5: 데이터 품질관리 | C5: 품질기준 | D5: 진단대상 DBMS 정보 | E5: 진단대상 DBMS 정보 DB | F5: ILF | G5: =IF(F5="","",IF(F5="EI",4,IF(F5="EO",5.2,IF(F5="EQ",3.9,IF(F5="ILF",7.5,IF(F5="EIF",5.4)))))) -> 7.5
D6: 진단대상 DBMS 등록 | E6: 진단대상 DBMS 정보를 등록한다. | F6: EI | G6: =IF(F6="","",IF(F6="EI",4,IF(F6="EO",5.2,IF(F6="EQ",3.9,IF(F6="ILF",7.5,IF(F6="EIF",5.4)))))) -> 4
D7: 진단대상 DBMS 수정 | E7: 진단대상 DBMS 정보를 수정한다. | F7: EI | G7: =IF(F7="","",IF(F7="EI",4,IF(F7="EO",5.2,IF(F7="EQ",3.9,IF(F7="ILF",7.5,IF(F7="EIF",5.4)))))) -> 4
D8: 진단대상 DBMS 삭제 | E8: 진단대상 DBMS 정보를 삭제한다. | F8: EI | G8: =IF(F8="","",IF(F8="EI",4,IF(F8="EO",5.2,IF(F8="EQ",3.9,IF(F8="ILF",7.5,IF(F8="EIF",5.4)))))) -> 4
D9: 진단대상 DBMS 조회 | E9: 진단대상 DBMS 정보를 조회한다. | F9: EQ | G9: =IF(F9="","",IF(F9="EI",4,IF(F9="EO",5.2,IF(F9="EQ",3.9,IF(F9="ILF",7.5,IF(F9="EIF",5.4)))))) -> 3.9
D10: 진단대상 스키마정보 등록 | E10: 진단대상 스키마정보를 등록한다. | F10: EI | G10: =IF(F10="","",IF(F10="EI",4,IF(F10="EO",5.2,IF(F10="EQ",3.9,IF(F10="ILF",7.5,IF(F10="EIF",5.4)))))) -> 4
D11: 진단대상 스키마정보 수정 | E11: 진단대상 스키마정보를 수정한다. | F11: EI | G11: =IF(F11="","",IF(F11="EI",4,IF(F11="EO",5.2,IF(F11="EQ",3.9,IF(F11="ILF",7.5,IF(F11="EIF",5.4)))))) -> 4
D12: 진단대상 스키마정보 삭제 | E12: 진단대상 스키마정보를 삭제한다. | F12: EI | G12: =IF(F12="","",IF(F12="EI",4,IF(F12="EO",5.2,IF(F12="EQ",3.9,IF(F12="ILF",7.5,IF(F12="EIF",5.4)))))) -> 4
D13: 진단대상 스키마정보 조회 | E13: 진단대상 스키마정보를 조회한다. | F13: EI | G13: =IF(F13="","",IF(F13="EI",4,IF(F13="EO",5.2,IF(F13="EQ",3.9,IF(F13="ILF",7.5,IF(F13="EIF",5.4)))))) -> 4
D14: 표준단어 정보 | E14: 표준단어 정보 | F14: ILF | G14: =IF(F14="","",IF(F14="EI",4,IF(F14="EO",5.2,IF(F14="EQ",3.9,IF(F14="ILF",7.5,IF(F14="EIF",5.4)))))) -> 7.5
D15: 표준단어 정보 등록 | E15: 표준단어 정보를 등록한다. | F15: EI | G15: =IF(F15="","",IF(F15="EI",4,IF(F15="EO",5.2,IF(F15="EQ",3.9,IF(F15="ILF",7.5,IF(F15="EIF",5.4)))))) -> 4
D16: 표준단어 정보 수정 | E16: 표준단어 정보를 수정한다. | F16: EI | G16: =IF(F16="","",IF(F16="EI",4,IF(F16="EO",5.2,IF(F16="EQ",3.9,IF(F16="ILF",7.5,IF(F16="EIF",5.4)))))) -> 4
D17: 표준단어 정보 삭제 | E17: 표준단어 정보를 삭제한다. | F17: EI | G17: =IF(F17="","",IF(F17="EI",4,IF(F17="EO",5.2,IF(F17="EQ",3.9,IF(F17="ILF",7.5,IF(F17="EIF",5.4)))))) -> 4
... D33: 표준용어 정보 조회 | E33: 표준용어 정보를 조회한다. | F33: EQ | G33: =IF(F33="","",IF(F33="EI",4,IF(F33="EO",5.2,IF(F33="EQ",3.9,IF(F33="ILF",7.5,IF(F33="EIF",5.4)))))) -> 3.9
C34: 데이터 품질지표(DQI) 관리 | D34: 데이터품질지표 정보 | E34: 데이터품질지표 정보 DB | F34: ILF | G34: =IF(F34="","",IF(F34="EI",4,IF(F34="EO",5.2,IF(F34="EQ",3.9,IF(F34="ILF",7.5,IF(F34="EIF",5.4)))))) -> 7.5
D35: 데이터품질지표 정보 등록 | E35: 데이터품질지표 정보를 등록한다. | F35: EI | G35: =IF(F35="","",IF(F35="EI",4,IF(F35="EO",5.2,IF(F35="EQ",3.9,IF(F35="ILF",7.5,IF(F35="EIF",5.4)))))) -> 4
D36: 데이터품질지표 정보 수정 | E36: 데이터품질지표 정보를 수정한다. | F36: EI | G36: =IF(F36="","",IF(F36="EI",4,IF(F36="EO",5.2,IF(F36="EQ",3.9,IF(F36="ILF",7.5,IF(F36="EIF",5.4)))))) -> 4
D37: 데이터품질지표 정보 삭제 | E37: 데이터품질지표 정보를 삭제한다. | F37: EI | G37: =IF(F37="","",IF(F37="EI",4,IF(F37="EO",5.2,IF(F37="EQ",3.9,IF(F37="ILF",7.5,IF(F37="EIF",5.4)))))) -> 4
D38: 데이터품질지표 정보 상세 조회 | E38: 데이터품질지표 정보를 상세 조회한다. | F38: EQ | G38: =IF(F38="","",IF(F38="EI",4,IF(F38="EO",5.2,IF(F38="EQ",3.9,IF(F38="ILF",7.5,IF(F38="EIF",5.4)))))) -> 3.9
D39: 데이터품질지표 정보 리스트 조회 | E39: 데이터품질지표 정보를 리스트 조회한다. | F39: EQ | G39: =IF(F39="","",IF(F39="EI",4,IF(F39="EO",5.2,IF(F39="EQ",3.9,IF(F39="ILF",7.5,IF(F39="EIF",5.4)))))) -> 3.9
C40: 중요정보항목(CTQ) 관리 | D40: 중요정보항목 정보 | E40: 중요정보항목 정보를 DB | F40: ILF | G40: =IF(F40="","",IF(F40="EI",4,IF(F40="EO",5.2,IF(F40="EQ",3.9,IF(F40="ILF",7.5,IF(F40="EIF",5.4)))))) -> 7.5
D41: 중요정보항목 정보 등록 | E41: 중요정보항목 정보를 등록한다. | F41: EI | G41: =IF(F41="","",IF(F41="EI",4,IF(F41="EO",5.2,IF(F41="EQ",3.9,IF(F41="ILF",7.5,IF(F41="EIF",5.4)))))) -> 4
D42: 중요정보항목 정보 수정 | E42: 중요정보항목 정보를 수정한다. | F42: EI | G42: =IF(F42="","",IF(F42="EI",4,IF(F42="EO",5.2,IF(F42="EQ",3.9,IF(F42="ILF",7.5,IF(F42="EIF",5.4)))))) -> 4
D43: 중요정보항목 정보 삭제 | E43: 중요정보항목 정보를 삭제한다. | F43: EI | G43: =IF(F43="","",IF(F43="EI",4,IF(F43="EO",5.2,IF(F43="EQ",3.9,IF(F43="ILF",7.5,IF(F43="EIF",5.4)))))) -> 4
D44: 중요정보항목 정보 조회 | E44: 중요정보항목 정보를 조회한다. | F44: EQ | G44: =IF(F44="","",IF(F44="EI",4,IF(F44="EO",5.2,IF(F44="EQ",3.9,IF(F44="ILF",7.5,IF(F44="EIF",5.4)))))) -> 3.9
B45: 데이터 품질측정 | C45: 테이블 프로파일 관리 | D45: 테이블 프로파일 정보 | E45: 테이블 프로파일 정보 DB | F45: ILF | G45: =IF(F45="","",IF(F45="EI",4,IF(F45="EO",5.2,IF(F45="EQ",3.9,IF(F45="ILF",7.5,IF(F45="EIF",5.4)))))) -> 7.5
D46: 테이블 프로파일 등록 | E46: 테이블 프로파일 정보를 등록한다. | F46: EI | G46: =IF(F46="","",IF(F46="EI",4,IF(F46="EO",5.2,IF(F46="EQ",3.9,IF(F46="ILF",7.5,IF(F46="EIF",5.4)))))) -> 4
D47: 테이블 프로파일 수정 | E47: 테이블 프로파일 정보를 수정한다. | F47: EI | G47: =IF(F47="","",IF(F47="EI",4,IF(F47="EO",5.2,IF(F47="EQ",3.9,IF(F47="ILF",7.5,IF(F47="EIF",5.4)))))) -> 4
D48: 테이블 프로파일 삭제 | E48: 테이블 프로파일 정보를 삭제한다. | F48: EI | G48: =IF(F48="","",IF(F48="EI",4,IF(F48="EO",5.2,IF(F48="EQ",3.9,IF(F48="ILF",7.5,IF(F48="EIF",5.4)))))) -> 4
D49: 테이블 프로파일 조회 | E49: 테이블 프로파일 정보를 조회한다. | F49: EQ | G49: =IF(F49="","",IF(F49="EI",4,IF(F49="EO",5.2,IF(F49="EQ",3.9,IF(F49="ILF",7.5,IF(F49="EIF",5.4)))))) -> 3.9
C50: 컬럼 프로파일 관리 | D50: 컬럼 프로파일 정보 | E50: 컬럼 프로파일 정보 DB | F50: ILF | G50: =IF(F50="","",IF(F50="EI",4,IF(F50="EO",5.2,IF(F50="EQ",3.9,IF(F50="ILF",7.5,IF(F50="EIF",5.4)))))) -> 7.5
D51: 컬럼 프로파일 등록 | E51: 컬럼 프로파일 정보를 등록한다. | F51: EI | G51: =IF(F51="","",IF(F51="EI",4,IF(F51="EO",5.2,IF(F51="EQ",3.9,IF(F51="ILF",7.5,IF(F51="EIF",5.4)))))) -> 4
D52: 컬럼 프로파일 수정 | E52: 컬럼 프로파일 정보를 수정한다. | F52: EI | G52: =IF(F52="","",IF(F52="EI",4,IF(F52="EO",5.2,IF(F52="EQ",3.9,IF(F52="ILF",7.5,IF(F52="EIF",5.4)))))) -> 4
D53: 컬럼 프로파일 삭제 | E53: 컬럼 프로파일 정보를 삭제한다. | F53: EI | G53: =IF(F53="","",IF(F53="EI",4,IF(F53="EO",5.2,IF(F53="EQ",3.9,IF(F53="ILF",7.5,IF(F53="EIF",5.4)))))) -> 4
D54: 컬럼 프로파일 조회 | E54: 컬럼 프로파일 정보를 조회한다. | F54: EQ | G54: =IF(F54="","",IF(F54="EI",4,IF(F54="EO",5.2,IF(F54="EQ",3.9,IF(F54="ILF",7.5,IF(F54="EIF",5.4)))))) -> 3.9
C55: 프로파일 엑셀 등록 | D55: 테이블 프로파일 엑셀 등록 | E55: 테이블 프로파일 정보를 엑셀로 등록한다. | F55: EI | G55: =IF(F55="","",IF(F55="EI",4,IF(F55="EO",5.2,IF(F55="EQ",3.9,IF(F55="ILF",7.5,IF(F55="EIF",5.4)))))) -> 4
D56: 컬럼 프로파일 엑셀 등록 | E56: 컬럼 프로파일 정보를 엑셀로 등록한다. | F56: EI | G56: =IF(F56="","",IF(F56="EI",4,IF(F56="EO",5.2,IF(F56="EQ",3.9,IF(F56="ILF",7.5,IF(F56="EIF",5.4)))))) -> 4
C57: 품질 진단 | D57: 프로파일링(컬럼분석)을 통한 값, 구조 진단 | E57: 프로파일링(컬럼분석)을 통한 값, 구조 등을 진단한다. | F57: EO | G57: =IF(F57="","",IF(F57="EI",4,IF(F57="EO",5.2,IF(F57="EQ",3.9,IF(F57="ILF",7.5,IF(F57="EIF",5.4)))))) -> 5.2
D58: 프로파일링(Null)을 통한 값, 구조 진단 | E58: 프로파일링(Null)을 통한 값, 구조 등을 진단한다. | F58: EO | G58: =IF(F58="","",IF(F58="EI",4,IF(F58="EO",5.2,IF(F58="EQ",3.9,IF(F58="ILF",7.5,IF(F58="EIF",5.4)))))) -> 5.2
D59: 프로파일링(최대/최소값)을 통한 값, 구조 진단 | E59: 프로파일링(최대/최소값)을 통한 값, 구조 등을 진단한다. | F59: EO | G59: =IF(F59="","",IF(F59="EI",4,IF(F59="EO",5.2,IF(F59="EQ",3.9,IF(F59="ILF",7.5,IF(F59="EIF",5.4)))))) -> 5.2
D60: 프로파일링(범위 분석)을 통한 값, 구조 진단 | E60: 프로파일링(범위 분석)을 통한 값, 구조 등을 진단한다. | F60: EO | G60: =IF(F60="","",IF(F60="EI",4,IF(F60="EO",5.2,IF(F60="EQ",3.9,IF(F60="ILF",7.5,IF(F60="EIF",5.4)))))) -> 5.2
D61: 프로파일링(날짜분석)을 통한 값, 구조 진단 | E61: 프로파일링(날짜분석)을 통한 값, 구조 등을 진단한다. | F61: EO | G61: =IF(F61="","",IF(F61="EI",4,IF(F61="EO",5.2,IF(F61="EQ",3.9,IF(F61="ILF",7.5,IF(F61="EIF",5.4)))))) -> 5.2
D62: 프로파일링(코드분석)을 통한 값, 구조 진단 | E62: 프로파일링(코드분석)을 통한 값, 구조 등을 진단한다. | F62: EO | G62: =IF(F62="","",IF(F62="EI",4,IF(F62="EO",5.2,IF(F62="EQ",3.9,IF(F62="ILF",7.5,IF(F62="EIF",5.4)))))) -> 5.2
D63: 프로파일링(참조 무결성 분석)을 통한 값, 구조 진단 | E63: 프로파일링(참조 무결성 분석)을 통한 값, 구조 등을 진단한다. | F63: EO | G63: =IF(F63="","",IF(F63="EI",4,IF(F63="EO",5.2,IF(F63="EQ",3.9,IF(F63="ILF",7.5,IF(F63="EIF",5.4)))))) -> 5.2
D64: 프로파일링(패턴분석)을 통한 값, 구조 진단 | E64: 프로파일링(패턴분석)을 통한 값, 구조 등을 진단한다. | F64: EO | G64: =IF(F64="","",IF(F64="EI",4,IF(F64="EO",5.2,IF(F64="EQ",3.9,IF(F64="ILF",7.5,IF(F64="EIF",5.4)))))) -> 5.2
C65: 품질진단 스케줄 관리 | D65: 스케줄 정보 | E65: 스케줄 정보 DB | F65: ILF | G65: =IF(F65="","",IF(F65="EI",4,IF(F65="EO",5.2,IF(F65="EQ",3.9,IF(F65="ILF",7.5,IF(F65="EIF",5.4)))))) -> 7.5
D66: 스케줄 정보 등록 | E66: 스케줄 정보를 등록한다. | F66: EI | G66: =IF(F66="","",IF(F66="EI",4,IF(F66="EO",5.2,IF(F66="EQ",3.9,IF(F66="ILF",7.5,IF(F66="EIF",5.4)))))) -> 4
D67: 스케줄 정보 수정 | E67: 스케줄 정보를 수정한다. | F67: EI | G67: =IF(F67="","",IF(F67="EI",4,IF(F67="EO",5.2,IF(F67="EQ",3.9,IF(F67="ILF",7.5,IF(F67="EIF",5.4)))))) -> 4
D68: 스케줄 정보 삭제 | E68: 스케줄 정보를 삭제한다. | F68: EI | G68: =IF(F68="","",IF(F68="EI",4,IF(F68="EO",5.2,IF(F68="EQ",3.9,IF(F68="ILF",7.5,IF(F68="EIF",5.4)))))) -> 4
D69: 스케줄 정보 조회 | E69: 스케줄 정보를 조회한다. | F69: EQ | G69: =IF(F69="","",IF(F69="EI",4,IF(F69="EO",5.2,IF(F69="EQ",3.9,IF(F69="ILF",7.5,IF(F69="EIF",5.4)))))) -> 3.9
D70: 스케줄 작업 이력(로그) 조회 | E70: 스케줄 작업 이력(로그)을 조회한다. | F70: EQ | G70: =IF(F70="","",IF(F70="EI",4,IF(F70="EO",5.2,IF(F70="EQ",3.9,IF(F70="ILF",7.5,IF(F70="EIF",5.4)))))) -> 3.9
B71: 데이터 품질 개선활동 | C71: 개선활동 | D71: 개선계획 리스트 조회 | E71: 개선계획 목록을 조회한다. | F71: EQ | G71: =IF(F71="","",IF(F71="EI",4,IF(F71="EO",5.2,IF(F71="EQ",3.9,IF(F71="ILF",7.5,IF(F71="EIF",5.4)))))) -> 3.9
D72: 개선결과 리스트 조회 | E72: 개선결과 목록을 조회한다. | F72: EQ | G72: =IF(F72="","",IF(F72="EI",4,IF(F72="EO",5.2,IF(F72="EQ",3.9,IF(F72="ILF",7.5,IF(F72="EIF",5.4)))))) -> 3.9
C73: 등록요청 | D73: 개선계획 정보 | E73: 개선계획 정보 DB | F73: ILF | G73: =IF(F73="","",IF(F73="EI",4,IF(F73="EO",5.2,IF(F73="EQ",3.9,IF(F73="ILF",7.5,IF(F73="EIF",5.4)))))) -> 7.5
D74: 개선계획 등록 | E74: 개선계획 정보를 등록한다. | F74: EI | G74: =IF(F74="","",IF(F74="EI",4,IF(F74="EO",5.2,IF(F74="EQ",3.9,IF(F74="ILF",7.5,IF(F74="EIF",5.4)))))) -> 4
D75: 개선결과 등록(개선계획 수정) | E75: 개선결과 정보를 등록(개선계획 수정)한다. | F75: EI | G75: =IF(F75="","",IF(F75="EI",4,IF(F75="EO",5.2,IF(F75="EQ",3.9,IF(F75="ILF",7.5,IF(F75="EIF",5.4)))))) -> 4
D76: 개선계획 상세조회 | E76: 개선계획 정보를 상세조회한다. | F76: EQ | G76: =IF(F76="","",IF(F76="EI",4,IF(F76="EO",5.2,IF(F76="EQ",3.9,IF(F76="ILF",7.5,IF(F76="EIF",5.4)))))) -> 3.9
D77: 개선결과 상세조회 | E77: 개선결과 정보를 상세조회한다. | F77: EQ | G77: =IF(F77="","",IF(F77="EI",4,IF(F77="EO",5.2,IF(F77="EQ",3.9,IF(F77="ILF",7.5,IF(F77="EIF",5.4)))))) -> 3.9
B78: 데이터 품질관리 | C78: [완전성]공간정보 구조화 | D78: 분석 총건수 조회 | E78: 분석 총건수를 측정한다. | F78: EQ | G78: =IF(F78="","",IF(F78="EI",4,IF(F78="EO",5.2,IF(F78="EQ",3.9,IF(F78="ILF",7.5,IF(F78="EIF",5.4)))))) -> 3.9
D79: Discontinuous parts 추정오류 측정 | E79: Discontinuous parts 추정오류 건수를 측정한다. | F79: EO | G79: =IF(F79="","",IF(F79="EI",4,IF(F79="EO",5.2,IF(F79="EQ",3.9,IF(F79="ILF",7.5,IF(F79="EIF",5.4)))))) -> 5.2
D80: Duplicate vertex 추정오류 측정 | E80: Duplicate vertex 추정오류 건수를 측정한다. | F80: EO | G80: =IF(F80="","",IF(F80="EI",4,IF(F80="EO",5.2,IF(F80="EQ",3.9,IF(F80="ILF",7.5,IF(F80="EIF",5.4)))))) -> 5.2
D81: Empty parts 추정오류 측정 | E81: Empty parts 추정오류 건수를 측정한다. | F81: EO | G81: =IF(F81="","",IF(F81="EI",4,IF(F81="EO",5.2,IF(F81="EQ",3.9,IF(F81="ILF",7.5,IF(F81="EIF",5.4)))))) -> 5.2
D82: Empty Z values 추정오류 측정 | E82: Empty Z values 추정오류 건수를 측정한다. | F82: EO | G82: =IF(F82="","",IF(F82="EI",4,IF(F82="EO",5.2,IF(F82="EQ",3.9,IF(F82="ILF",7.5,IF(F82="EIF",5.4)))))) -> 5.2
D83: Mismatched attributes 추정오류 측정 | E83: Mismatched attributes 추정오류 건수를 측정한다. | F83: EO | G83: =IF(F83="","",IF(F83="EI",4,IF(F83="EO",5.2,IF(F83="EQ",3.9,IF(F83="ILF",7.5,IF(F83="EIF",5.4)))))) -> 5.2
D84: Null geometry 추정오류 측정 | E84: Null geometry 추정오류 건수를 측정한다. | F84: EO | G84: =IF(F84="","",IF(F84="EI",4,IF(F84="EO",5.2,IF(F84="EQ",3.9,IF(F84="ILF",7.5,IF(F84="EIF",5.4)))))) -> 5.2
D85: Self Intersections 추정오류 측정 | E85: Self Intersections 추정오류 건수를 측정한다. | F85: EO | G85: =IF(F85="","",IF(F85="EI",4,IF(F85="EO",5.2,IF(F85="EQ",3.9,IF(F85="ILF",7.5,IF(F85="EIF",5.4)))))) -> 5.2
D86: Short segment 추정오류 측정 | E86: Short segment 추정오류 건수를 측정한다. | F86: EO | G86: =IF(F86="","",IF(F86="EI",4,IF(F86="EO",5.2,IF(F86="EQ",3.9,IF(F86="ILF",7.5,IF(F86="EIF",5.4)))))) -> 5.2
D87: Unclosed riongs 추정오류 측정 | E87: Unclosed riongs 추정오류 건수를 측정한다. | F87: EO | G87: =IF(F87="","",IF(F87="EI",4,IF(F87="EO",5.2,IF(F87="EQ",3.9,IF(F87="ILF",7.5,IF(F87="EIF",5.4)))))) -> 5.2
C88: [완전성]식별자 정의(위치식별자) | D88: 도로명 식별자 비매칭 측정 | E88: 도로명 식별자 비매칭 건수를 측정한다. | F88: EO | G88: =IF(F88="","",IF(F88="EI",4,IF(F88="EO",5.2,IF(F88="EQ",3.9,IF(F88="ILF",7.5,IF(F88="EIF",5.4)))))) -> 5.2
D89: PNU 식별자 비매칭 측정 | E89: PNU 식별자 비매칭 건수를 측정한다. | F89: EO | G89: =IF(F89="","",IF(F89="EI",4,IF(F89="EO",5.2,IF(F89="EQ",3.9,IF(F89="ILF",7.5,IF(F89="EIF",5.4)))))) -> 5.2
C90: [일관성]통합 일관성 | D90: 공간에 대한 좌표계 구성 진단 | E90: 공간에 대한 좌표계 구성 일관성을 진단한다. | F90: EO | G90: =IF(F90="","",IF(F90="EI",4,IF(F90="EO",5.2,IF(F90="EQ",3.9,IF(F90="ILF",7.5,IF(F90="EIF",5.4)))))) -> 5.2
D91: 래스터에 대한 해상도 구성 진단 | E91: 래스터에 대한 해상도 구성 일관성을 진단한다. | F91: EO | G91: =IF(F91="","",IF(F91="EI",4,IF(F91="EO",5.2,IF(F91="EQ",3.9,IF(F91="ILF",7.5,IF(F91="EIF",5.4)))))) -> 5.2
C92: [일관성]형식 일관성 | D92: 공간(벡터)에 대한 포맷 진단 | E92: 공간(벡터)에 대한 포맷 형식 일관성을 진단한다. | F92: EO | G92: =IF(F92="","",IF(F92="EI",4,IF(F92="EO",5.2,IF(F92="EQ",3.9,IF(F92="ILF",7.5,IF(F92="EIF",5.4)))))) -> 5.2
D93: 래스터에 대한 포맷 진단 | E93: 래스터에 대한 포맷 형식 일관성을 진단한다. | F93: EO | G93: =IF(F93="","",IF(F93="EI",4,IF(F93="EO",5.2,IF(F93="EQ",3.9,IF(F93="ILF",7.5,IF(F93="EIF",5.4)))))) -> 5.2
C94: [일관성]공간참조체계 정확성 | D94: 측지계 공간참조체계에 따른 공간적 범위에 대한 진단 | E94: 측지계 공간참조체계에 따른 공간적 범위의 정확성을 진단한다. | F94: EO | G94: =IF(F94="","",IF(F94="EI",4,IF(F94="EO",5.2,IF(F94="EQ",3.9,IF(F94="ILF",7.5,IF(F94="EIF",5.4)))))) -> 5.2
D95: 좌표계 공간참조체계에 따른 공간적 범위에 대한 진단 | E95: 좌표계 공간참조체계에 따른 공간적 범위의 정확성을 진단한다. | F95: EO | G95: =IF(F95="","",IF(F95="EI",4,IF(F95="EO",5.2,IF(F95="EQ",3.9,IF(F95="ILF",7.5,IF(F95="EIF",5.4)))))) -> 5.2
C96: [일관성]개념적 일관성 | D96: 공간정보 융복합시 개념적 스키마 규칙 진단(준수 여부) | E96: 공간정보 융복합시 개념적 스키마 규칙 준수여부를 진단한다. | F96: EO | G96: =IF(F96="","",IF(F96="EI",4,IF(F96="EO",5.2,IF(F96="EQ",3.9,IF(F96="ILF",7.5,IF(F96="EIF",5.4)))))) -> 5.2
C97: [일관성]개별 공간파일 완결성 | D97: 분석 총 건수 조회 | E97: 분석 총 건수 조회를 측정한다. | F97: EQ | G97: =IF(F97="","",IF(F97="EI",4,IF(F97="EO",5.2,IF(F97="EQ",3.9,IF(F97="ILF",7.5,IF(F97="EIF",5.4)))))) -> 3.9
D98: 홀폴리곤 진단 | E98: 홀폴리곤 상태를 진단한다. | F98: EO | G98: =IF(F98="","",IF(F98="EI",4,IF(F98="EO",5.2,IF(F98="EQ",3.9,IF(F98="ILF",7.5,IF(F98="EIF",5.4)))))) -> 5.2
D99: 객체 오버랩(겹침) 진단 | E99: 객체 오버랩(겹침) 상태를 진단한다. | F99: EO | G99: =IF(F99="","",IF(F99="EI",4,IF(F99="EO",5.2,IF(F99="EQ",3.9,IF(F99="ILF",7.5,IF(F99="EIF",5.4)))))) -> 5.2
C100: [정확성]공간객체 누락 | D100: 진단대상 분석 총 건수 | E100: 진단대상 분석 총 건수를 측정한다. | F100: EQ | G100: =IF(F100="","",IF(F100="EI",4,IF(F100="EO",5.2,IF(F100="EQ",3.9,IF(F100="ILF",7.5,IF(F100="EIF",5.4)))))) -> 3.9
D101: 진단대상 객체 누락 건수 | E101: 진단대상 객체 누락 건수를 측정한다. | F101: EO | G101: =IF(F101="","",IF(F101="EI",4,IF(F101="EO",5.2,IF(F101="EQ",3.9,IF(F101="ILF",7.5,IF(F101="EIF",5.4)))))) -> 5.2
D102: 비교대상 분석 총 건수 | E102: 비교대상 분석 총 건수를 측정한다. | F102: EO | G102: =IF(F102="","",IF(F102="EI",4,IF(F102="EO",5.2,IF(F102="EQ",3.9,IF(F102="ILF",7.5,IF(F102="EIF",5.4)))))) -> 5.2
D103: 비교대상 객체 누락 건수 | E103: 비교대상 객체 누락 건수를 측정한다. | F103: EO | G103: =IF(F103="","",IF(F103="EI",4,IF(F103="EO",5.2,IF(F103="EQ",3.9,IF(F103="ILF",7.5,IF(F103="EIF",5.4)))))) -> 5.2
C104: [정확성]속성 누락, 초과, 불일치 정제 | D104: 분석 총 건수 조회 | E104: 분석 총 건수 조회를 측정한다. | F104: EQ | G104: =IF(F104="","",IF(F104="EI",4,IF(F104="EO",5.2,IF(F104="EQ",3.9,IF(F104="ILF",7.5,IF(F104="EIF",5.4)))))) -> 3.9
D105: 미사용 테이블 현황 | E105: 미사용 테이블 현황을 측정한다. | F105: EO | G105: =IF(F105="","",IF(F105="EI",4,IF(F105="EO",5.2,IF(F105="EQ",3.9,IF(F105="ILF",7.5,IF(F105="EIF",5.4)))))) -> 5.2
D106: 미사용 컬럼 현황 | E106: 미사용 컬럼 현황을 측정한다. | F106: EO | G106: =IF(F106="","",IF(F106="EI",4,IF(F106="EO",5.2,IF(F106="EQ",3.9,IF(F106="ILF",7.5,IF(F106="EIF",5.4)))))) -> 5.2
D107: 업무 조건에 따른 필수값 완전값(Null 여부) 진단 | E107: 업무 조건에 따른 필수값 완전값(Null 여부) 여부를 진단한다. | F107: EO | G107: =IF(F107="","",IF(F107="EI",4,IF(F107="EO",5.2,IF(F107="EQ",3.9,IF(F107="ILF",7.5,IF(F107="EIF",5.4)))))) -> 5.2
C108: [정확성]기준 유효성 | D108: 표준코드 사용 여부 진단 | E108: 표준코드 사용 여부를 진단한다. | F108: EO | G108: =IF(F108="","",IF(F108="EI",4,IF(F108="EO",5.2,IF(F108="EQ",3.9,IF(F108="ILF",7.5,IF(F108="EIF",5.4)))))) -> 5.2
D109: 분류(여부) 도메인 컬럼의 유효값 오류 측정 | E109: 분류(여부) 도메인 컬럼의 유효값 오류를 측정한다. | F109: EO | G109: =IF(F109="","",IF(F109="EI",4,IF(F109="EO",5.2,IF(F109="EQ",3.9,IF(F109="ILF",7.5,IF(F109="EIF",5.4)))))) -> 5.2
D110: 수량 도메인 컬럼의 유효값 범위 오류 측정 | E110: 수량 도메인 컬럼의 유효값 범위 오류를 측정한다. | F110: EO | G110: =IF(F110="","",IF(F110="EI",4,IF(F110="EO",5.2,IF(F110="EQ",3.9,IF(F110="ILF",7.5,IF(F110="EIF",5.4)))))) -> 5.2
D111: 금액 도메인 컬럼의 유효값 범위 오류 측정 | E111: 금액 도메인 컬럼의 유효값 범위 오류를 측정한다. | F111: EO | G111: =IF(F111="","",IF(F111="EI",4,IF(F111="EO",5.2,IF(F111="EQ",3.9,IF(F111="ILF",7.5,IF(F111="EIF",5.4)))))) -> 5.2
D112: 비율 도메인 컬럼의 유효값 범위 오류 측정 | E112: 비율 도메인 컬럼의 유효값 범위 오류를 측정한다. | F112: EO | G112: =IF(F112="","",IF(F112="EI",4,IF(F112="EO",5.2,IF(F112="EQ",3.9,IF(F112="ILF",7.5,IF(F112="EIF",5.4)))))) -> 5.2
D113: 번호 도메인 컬럼에서 데이터 규칙 오류 측정 | E113: 번호 도메인 컬럼에서 데이터 규칙 오류를 측정한다. | F113: EO | G113: =IF(F113="","",IF(F113="EI",4,IF(F113="EO",5.2,IF(F113="EQ",3.9,IF(F113="ILF",7.5,IF(F113="EIF",5.4)))))) -> 5.2
D114: 명칭(문자열) 도메인의 데이터 규칙 오류 측정 | E114: 명칭(문자열) 도메인의 데이터 규칙 오류를 측정한다. | F114: EO | G114: =IF(F114="","",IF(F114="EI",4,IF(F114="EO",5.2,IF(F114="EQ",3.9,IF(F114="ILF",7.5,IF(F114="EIF",5.4)))))) -> 5.2
D115: 번호 도메인 컬럼의 데이터값 정확성 측정 | E115: 번호 도메인 컬럼의 데이터값의 정확성을 측정한다. | F115: EO | G115: =IF(F115="","",IF(F115="EI",4,IF(F115="EO",5.2,IF(F115="EQ",3.9,IF(F115="ILF",7.5,IF(F115="EIF",5.4)))))) -> 5.2
D116: 날짜 도메인 컬럼의 정확성 측정 | E116: 날짜 도메인 컬럼의 정확성을 측정한다. | F116: EO | G116: =IF(F116="","",IF(F116="EI",4,IF(F116="EO",5.2,IF(F116="EQ",3.9,IF(F116="ILF",7.5,IF(F116="EIF",5.4)))))) -> 5.2
...

Sheet 7.통합DB구축(투입공수)
B1: "통합DB 구축" - 투입공수에 의한 방식
I2: (소프트웨어사업 대가산정 가이드, 2023. KOSA)
B4: ○ 통합 DB 구축 활동
B5: 대상 업무 | D5: 세부내용
B6: 단계 | C6: 활동
B7: 데이터베이스 표준화 계획 수립 | D7: 데이터베이스 표준화를 하기 위한 실행방안을 수립
B8: 요구분석 | C8: 요구사항 조사 | D8: 현행 시스템에 대한 업무, DB 등 자료 수집, 정리하여 요구사항에 대한 중복성 검토를 진행하여 유일한 정보 요구사항을 도출
C9: 요구사항 분석 | D9: 수집한 정보 요구 사항을 바탕으로 업무 현황을 파악한다. 이를 근간으로 관련 업무 및 시스템의 문서를 조사, 수집 및 파악함으로써 현행 업무 및 현행 시스템에 대한 분석 대상을 정의
C10: 요구사항 검증 | D10: 도출된 정보 요구 사항을 다른 영역(기능, 프로세스, 조직 등)과 비교 분석함으로써 요구사항의 완성도 검증 수행
B11: 상세설계 (모델링) | C11: 데이터 표준화 | D11: 현행 데이터 표준 사용 현황 명세서와 표준화 요구 사항 정의서를 토대로 하여 데이터 표준 대상(단어, 도메인, 코드, 용어 등)을 식별하고 정의하고 데이터 표준에 대한 관리 프로세스 정의
C12: 개념 데이터 모델링 | D12: 핵심 엔터티(키엔터티, 메인엔터티)와 핵심 엔터티 사이의 관계를 식별하여 개념 데이터 모델 정의
C13: 논리 데이터 모델링 | D13: 데이터베이스 설계 프로세스의 Input으로써 비즈니스 정보의 구조와 규칙을 식별하고 정의
C14: 물리 데이터 모델링 | D14: 논리적 모델을 특정 데이터베이스로 설계함으로써 생성된, 데이터를 저장할 수 있는 물리적인 스키마를 식별하고 정의
C15: 데이터 베이스 설계 | D15: 미래의 정보시스템의 저장공간, 무결성, 인덱스, 분산을 확보하기 위해서 이들 간의 관계를 식별하고 정의
B16: 구현/이관/검증 | C16: 데이터 베이스 매핑 | D16: 데이터 이행 대상이 되는 현행 데이터 구조와 미래의 정보시스템 데이터 구조 간의 매핑 관계를 Table/Column 단위를 식별하여 매핑정의서 정의
C17: 데이터 베이스 검증 | D17: 데이터 이행 과정에서 데이터의 유효성, 완전성 검사를 통해 이행되어야 할 데이터를 사전에 검증
C18: 데이터 베이스 전환 | D18: 데이터 이행에 필요한 이행 절차를 수립하고 각 단계별 세부 계획을 수립하여 정확하고 생산성 높은 단계를 수행하며, 이행 절차는 이행 계획 수립 및 분석 단계, 설계/개발 및 환경구축 단계, 테스트 및 이행 단계 수행
B20: ○ 개인정보 영향평가 평가 절차별 투입공수 | K20: 개인정보 영향평가 추가 | N20: 출처 : 개인정보 영향평가 대가산정 가이드(2024.10.).pdf
B21: 대상 업무 | D21: 절차별 투입공수(M/D) | V21: 사업유형
B22: 단계 | C22: 활동 | D22: 구축 시스템 | E22: 운용 시스템 | F22: 변경 시스템 (항목 선택) | H22: 변경 시스템 산출값
B23: 평가 수행 계획 수립 | C23: 평가수행 계획 수립 | D23: 2 | E23: 2 | H23: =(IF(F23="O",1,0))*E23 -> 0
C24: 평가팀 구성 | D24: 1 | E24: 1 | H24: =(IF(F24="O",1,0))*E24 -> 0
B25: 평가 자료 수집 | C25: 내부자료 분석 | D25: 2 | E25: 3 | H25: =(IF(F25="O",1,0))*E25 -> 0
C26: 외부자료 분석 | D26: 2 | E26: 2 | H26: =(IF(F26="O",1,0))*E26 -> 0
C27: 대상시스템 관련자료 분석 | D27: 3 | E27: 3 | H27: =(IF(F27="O",1,0))*E27 -> 0
B28: 개인정보 흐름 분석 | C28: 개인정보 처리업무 현황분석 | D28: 4 | E28: 6 | H28: =(IF(F28="O",1,0))*E28 -> 0
C29: 개인정보 흐름표 작성 | D29: 3 | E29: 4 | H29: =(IF(F29="O",1,0))*E29 -> 0
C30: 개인정보 흐름도 작성 | D30: 4 | E30: 5 | H30: =(IF(F30="O",1,0))*E30 -> 0
C31: 시스템 구조도 작성 | D31: 2 | E31: 2 | H31: =(IF(F31="O",1,0))*E31 -> 0
B32: 개인정보 침해요인 분석 | C32: 평가항목 작성 | D32: 4 | E32: 5 | H32: =(IF(F32="O",1,0))*E32 -> 0
C33: 개인정보보호조치 현황파악 | D33: 6 | E33: 8 | H33: =(IF(F33="O",1,0))*E33 -> 0
C34: 개인정보 침해요인 도출 | D34: 3 | E34: 4 | H34: =(IF(F34="O",1,0))*E34 -> 0
C35: 개인정보 위험도 산정 | D35: 2 | E35: 2 | H35: =(IF(F35="O",1,0))*E35 -> 0
B36: 개선 계획 수립 | C36: 개선사항 도출 | D36: 2 | E36: 2 | H36: =(IF(F36="O",1,0))*E36 -> 0
C37: 개선계획 수립 | D37: 3 | E37: 3 | H37: =(IF(F37="O",1,0))*E37 -> 0
B38: 영향평가서 작성 | C38: 영향평가서 작성 | D38: 4 | E38: 5 | H38: =(IF(F38="O",1,0))*E38 -> 0
C39: 영향평가서 제출 | D39: 2 | E39: 2 | H39: =(IF(F39="O",1,0))*E39 -> 0
B40: 이행점검 | C40: 이행점검 수행 | D40: 1 | E40: 1 | H40: =(IF(F40="O",1,0))*E40 -> 0
B41: 합계 | D41: =SUM(D23:D40) -> 50 | E41: =SUM(E23:E40) -> 60 | H41: =SUM(H23:H40) -> 0
B42: M/M 환산 합계 (M=20D) | D42: =D41/20 -> 2.5 | E42: =E41/20 -> 3 | H42: =H41/20 -> 0
B43: (선택 1) 사업 유형 선택 | D43: 구축 시스템
B45: ○ 투입공수 방식 SW운영비 산정 | I45: (단위 : 원)
B46: 업무 구분 | D46: 직무 | E46: 투입구분 | F46: ⓐ평균임금* (Month) | G46: ⓑ투입기간 (Month) | H46: ⓒ투입률 (업무 비중) | I46: 직접인건비 (ⓐxⓑxⓒ)
C47: 데이터베이스 표준화 계획 수립 | D47: ⑥ IT아키텍트 | E47: 평균 | F47: =VLOOKUP(D47,'(참고)2025년SW평균임금'!$B$9:$C$25, 2,1) -> 10147745 | G47: 2 | H47: 1 | I47: =IFERROR(F47*G47*H47,"") -> 20295490
C48: 요구분석 | D48: ⑥ IT아키텍트 | E48: 평균 | F48: =VLOOKUP(D48,'(참고)2025년SW평균임금'!$B$9:$C$25, 2,1) -> 10147745 | G48: 3 | H48: 1 | I48: =IFERROR(F48*G48*H48,"") -> 30443235
C49: 상세설계 (모델링) | D49: ⑪ 정보시스템운용자 | E49: 평균 | F49: =VLOOKUP(D49,'(참고)2025년SW평균임금'!$B$9:$C$25, 2,1) -> 10154626 | G49: 3 | H49: 1 | I49: =IFERROR(F49*G49*H49,"") -> 30463878
C50: 구현/이관/검증 | D50: ⑪ 정보시스템운용자 | E50: 평균 | F50: =VLOOKUP(D50,'(참고)2025년SW평균임금'!$B$9:$C$25, 2,1) -> 10154626 | G50: 5 | H50: 1 | I50: =IFERROR(F50*G50*H50,"") -> 50773130
D51: ⑭ IT품질관리자 | E51: 평균 | F51: =VLOOKUP(D51,'(참고)2025년SW평균임금'!$B$9:$C$25, 2,1) -> 9692094 | G51: 2 | H51: 1 | I51: =IFERROR(F51*G51*H51,"") -> 19384188
C52: 개인정보 영향 평가 | D52: ② IT컨설턴트 | E52: 평균 | F52: =VLOOKUP(D52,'(참고)2025년SW평균임금'!$B$9:$C$25, 2,1) -> 9706020 | G52: 2.5 | H52: 1 | I52: =IFERROR(F52*G52*H52,"") -> 24265050 | K52: 개인정보 영향평가 직접인건비 추가
B53: 총 투입공수 | D53: 투입기간 * 투입률 | G53: =SUMPRODUCT(G47:G51,H47:H51) -> 15
B54: 직접인건비 합계 | D54: ∑(직무별 투입공수 x 평균임금) | G54: =SUM(I47:I52) -> 175624971
B55: 제경비 | C55: 1.5 | D55: 직접인건비의 144~154% | G55: =G54*C55 -> 2.6343746e+08
B56: 기술료 | C56: 0.2 | D56: (직접인건비 + 제경비)의 20~40% | G56: =(G54+G55)*C56 -> 87812486
B57: 직접경비 | D57: (산출내역 작성)
B58: 소프트웨어 운영비(부가세 별도) | D58: 직접인건비 + 제경비 + 기술료 + 직접경비 | G58: =SUM(G54:I57) -> 526874913
B59: 소프트웨어 운영비(부가세 포함) | D59: 부가가치세 10% | G59: =G58*1.1 -> 5.795624e+08
B60: ※상기 예시에서 제경비율은 150%, 기술료는 30%를 적용하였음 (중간값)
B61: *SW기술자 평균임금은 매년 업데이트 되므로 협회 게시물을 참조 바랍니다. (바로가기)

Sheet 8.컨설팅(투입공수)
B1: - "산림공간 디지털 플랫폼 사업" EA/ITA 수립비 산정 - 컨설팅업무량에 의한 방식
B2: 양식에 기입된 내용은 예시입니다. | J2: (소프트웨어사업 대가산정 가이드, 2024. KOSA)
B3: ○ 정보전략계획 수립비 산정 | J3: (단위 : 원)
B4: 업무 | D4: 업무별 가중치 (가이드 p.57 참조) | E4: 해당여부(O, X) | F4: 총업무 가중치 | G4: 업무 요소 (가이드 p.58 참조) | H4: 난이도 | I4: 해당여부(O, X) | J4: 난이도 계산
B5: EA/ITA 방향 및 지침 수립 | D5: 3.8 | E5: O | F5: =SUMIF(E5:E24,"O",D5:D24) -> 46.9 | G5: 업무규모 (단순) | H5: 0.6 | I5: O | J5: =IF(I5="O", H5, 1)*IF(I7="O", H7, 1)*IF(I9="O", H9, 1)*IF(I11="O", H11, 1)*IF(I13="O", H13, 1)*IF(I15="O", H15, 1)*IF(I17="O", H17, 1)*IF(I19="O", H19, 1)*IF(I21="O", H21, 1) -> 0.3
B6: 참조모형 | C6: 업무참조모형 | D6: 3.2 | E6: O
C7: 서비스 컴포넌트 참조모형 | D7: 3.2 | E7: O | G7: 업무규모 (보통) | H7: 1 | I7: X
C8: 데이터 참조모형 | D8: 3.4 | E8: O
C9: 기술 참조모형 | D9: 3.3 | E9: O | G9: 업무규모 (복잡) | H9: 1.4 | I9: X
C10: 성과 참조모형 | D10: 3.3 | E10: O
C11: EA 프레임워크 및 메타모델 | D11: 3.3 | E11: O | G11: 업무의특성 (단순) | H11: 0.6 | I11: X
B12: AS-IS 아키텍처수립 | C12: 업무영역 | D12: 3.9 | E12: X
C13: 응용영역 | D13: 4.1 | E13: X | G13: 업무의특성 (보통) | H13: 1 | I13: O
C14: 데이터영역 | D14: 4.2 | E14: X
C15: 기술영역 | D15: 3.8 | E15: X | G15: 업무의특성 (복잡) | H15: 1.4 | I15: X
C16: 보안영역 | D16: 3.8 | E16: X
B17: TO-BE 아키텍처수립 | C17: 업무영역 | D17: 3.9 | E17: O | G17: 기존시스템 (단순) | H17: 0.5 | I17: O
C18: 응용영역 | D18: 3.9 | E18: O
C19: 데이터영역 | D19: 4.1 | E19: O | G19: 기존시스템 (보통) | H19: 1 | I19: X
C20: 기술영역 | D20: 3.7 | E20: O
C21: 보안영역 | D21: 3.6 | E21: X | G21: 기존시스템 (복잡) | H21: 1.5 | I21: X
C22: 이행계획수립 | D22: 3.8 | E22: O
C23: EA/ITA 관리체계 수립 | D23: 4 | E23: O
B24: 추가활동 | C24: 벤치마킹 및 차이분석 | D24: 3.5 | E24: X
B25: 컨설팅업무량 계산 (가중치 x 난이도) | H25: =F5*J5 -> 14.07
B26: EA/ITA 단가(2025년) | H26: 11598238
B27: 직접경비 | H27: =H36 -> 0
B28: 정보전략계획 수립비 | H28: =H25*H26+H27 -> 1.6318721e+08 | L28: 2023 | M28: 10282445
B29: 정보전략계획 수립비 (부가세 포함) | H29: =H28*1.1 -> 1.7950593e+08 | L29: 2024 | M29: =M28*1.0825 -> 11130747
L30: 2025 | M30: =M29*1.042 -> 11598238
B31: ○ 직접경비 | J31: (단위 : 원)
B32: 구분 | D32: 산출내역 | H32: 금액
B33: 출장 | D33: 필요시 기재
B34: 인쇄 | D34: 필요시 기재
B36: 합 계 | H36: =SUM(H33:J35) -> 0

Sheet 9.초정밀3D구축(드론LiDAR)
H1: "3D 초정밀 3D 구축(드론LiDAR)" 표준품셈 적용 및 수정
A2: 공종 | R2: 규격 | W2: 수량 | Z2: 단위 | AC2: 총 액 | AK2: 노 무 비 | AX2: 재 료 비 | BK2: 경 비 | BX2: 비고
AK3: 단 가 | AQ3: 금 액 | AX3: 단 가 | BD3: 금 액 | BK3: 단 가 | BQ3: 금 액
A4: Ⅰ. 무인비행장치 측량
A5: 1. 작업계획수립 | W5: 1 | Z5: ㎢ | AC5: =AQ5+BD5+BQ5 -> 690718 | AK5: ='9-1.초정밀3D구축(드론LiDAR)_일위대가표'!AI7 -> 690718 | AQ5: =W5*AK5 -> 690718 | AX5: 0 | BD5: =W5*AX5 -> 0 | BK5: 0 | BQ5: =W5*BK5 -> 0
A7: 2. 무인항공사진촬영 | W7: 1 | Z7: ㎢ | AC7: =AQ7+BD7+BQ7 -> 694890 | AK7: ='9-1.초정밀3D구축(드론LiDAR)_일위대가표'!AI41 -> 694890 | AQ7: =W7*AK7 -> 694890 | AX7: 0 | BD7: =W7*AX7 -> 0 | BQ7: =W7*BK7 -> 0
A8: (드론라이다성과취득)
A9: 3. 정사영상제작 | W9: 1 | Z9: ㎢ | AC9: =AQ9+BD9+BQ9 -> 559703 | AK9: ='9-1.초정밀3D구축(드론LiDAR)_일위대가표'!AI75 -> 559703 | AQ9: =W9*AK9 -> 559703 | AX9: 0 | BD9: =W9*AX9 -> 0 | BK9: ='9-1.초정밀3D구축(드론LiDAR)_일위대가표'!BC75 -> 0 | BQ9: =W9*BK9 -> 0
A10: (드론라이다 정합)
A11: 4. 품질관리 및 정리점검 | W11: 1 | Z11: ㎢ | AC11: =AQ11+BD11+BQ11 -> 429801 | AK11: ='9-1.초정밀3D구축(드론LiDAR)_일위대가표'!AI109 -> 429801 | AQ11: =W11*AK11 -> 429801 | AX11: 0 | BD11: =W11*AX11 -> 0 | BK11: 0 | BQ11: =W11*BK11 -> 0
A17: 소 계 | W17: 1 ㎢ 당 | AC17: =SUM(AC4:AJ16) -> 2375112 | AQ17: =SUM(AQ4:AW16) -> 2375112 | BD17: =SUM(BD4:BJ16) -> 0 | BQ17: =SUM(BQ4:BW16) -> 0
A18: 과업 구축 범위 | W18: 62 | Z18: ㎢ | AC18: =AC17*W18 -> 147256944 | BD18: =SUM(BD5:BJ17) -> 0 | BQ18: =SUM(BQ5:BW17) -> 0
A19: Ⅲ. 제경비 | W19: % | Z19: 110 | AC19: =AC18*Z19/100 -> 1.6198264e+08
A20: Ⅳ. 기술료 | W20: % | Z20: 20 | AC20: =(AC18+AC19)*Z20/100 -> 61847916
A21: 합 계 | AC21: =SUM(AC17:AJ20) -> 3.7346261e+08
A22: Ⅴ. 부가세 | W22: % | Z22: 10 | AC22: =AC21/Z22 -> 37346261
A23: 총 합계 | AC23: =AC21+AC22 -> 4.1080887e+08
B25: • ISP자료에서 발췌 : 강원도(214.8㎢), 충청도(66㎢), 전라도(120.1㎢), 경상도(175.8㎢)
B27: • 선도산림경영단지(sundorm.or.kr)에서 발췌
BF31: 각 권역별로 선도산림경영 단지 조성이 완료된 사업 기준으로 선별

Sheet 9-1.초정밀3D구축(드론LiDAR)_일위대가표
A1: 일 위 대 가 표
B5: 항목번호 | H5: : | I5: 제 1 호표
B6: 공종 | H6: : | I6: 무인비행장치 측량_작업계획수립 | AI6: 노 무 비 | AS6: 재 료 비 | BC6: 경 비 | BM6: 합 계
B7: 단위 | H7: : | I7: 1식 | AI7: =AI34 -> 690718 | AS7: =AV34 -> 0 | BC7: =BI34 -> 0 | BM7: =SUM(AI7:BJ7) -> 690718
A9: 종 별 | P9: 규 격 | T9: 단위 | X9: 수 량 | AC9: 노 무 비 | AP9: 재 료 비 | BC9: 경 비 | BP9: 비 고
AC10: 단 가 | AI10: 금 액 | AP10: 단 가 | AV10: 금 액 | BC10: 단 가 | BI10: 금 액
A11: 1. 노무비
A12: 가. 특급기술자 | T12: 인 | X12: ='9-2.초정밀3D구축(드론LiDAR)_설계제원'!K28 -> 0 | AC12: ='(참고)단가표(DB구축)'!V8 -> 302847 | AI12: =ROUNDDOWN(X12*AC12,0) -> 0
A13: 나. 고급기술자 | T13: 인 | X13: ='9-2.초정밀3D구축(드론LiDAR)_설계제원'!K29 -> 1.87 | AC13: ='(참고)단가표(DB구축)'!V9 -> 269088 | AI13: =ROUNDDOWN(X13*AC13,0) -> 503194
A14: 다. 중급기술자 | T14: 인 | X14: ='9-2.초정밀3D구축(드론LiDAR)_설계제원'!K30 -> 0.8 | AC14: ='(참고)단가표(DB구축)'!V10 -> 234406 | AI14: =ROUNDDOWN(X14*AC14,0) -> 187524
A34: 계 | AI34: =SUM(AI11:AO33) -> 690718 | AV34: =SUM(AV11:BB33) -> 0 | BI34: =SUM(BI11:BO33) -> 0
A35: 일 위 대 가 표
B39: 항목번호 | H39: : | I39: 제 2 호표
B40: 공종 | H40: : | I40: 무인항공사진촬영(드론라이다 성과 취득) | AI40: 노 무 비 | AS40: 재 료 비 | BC40: 경 비 | BM40: 합 계
B41: 단위 | H41: : | I41: 1식 | AI41: =AI68 -> 694890 | AS41: =AV68 -> 0 | BC41: =BI68 -> 0 | BM41: =SUM(AI41:BJ41) -> 694890
A43: 종 별 | P43: 규 격 | T43: 단위 | X43: 수 량 | AC43: 노 무 비 | AP43: 재 료 비 | BC43: 경 비 | BP43: 비 고
AC44: 단 가 | AI44: 금 액 | AP44: 단 가 | AV44: 금 액 | BC44: 단 가 | BI44: 금 액
A45: 1. 노무비
A46: 가. 고급기술자 | T46: 인 | X46: ='9-2.초정밀3D구축(드론LiDAR)_설계제원'!K64 -> 0 | AC46: ='(참고)단가표(DB구축)'!V9 -> 269088 | AI46: =ROUNDDOWN(X46*AC46,0) -> 0
A47: 나. 중급기술자 | T47: 인 | X47: ='9-2.초정밀3D구축(드론LiDAR)_설계제원'!K65 -> 0.34 | AC47: ='(참고)단가표(DB구축)'!V10 -> 234406 | AI47: =ROUNDDOWN(X47*AC47,0) -> 79698
A48: 다. 초급기술자 | T48: 인 | X48: ='9-2.초정밀3D구축(드론LiDAR)_설계제원'!K66 -> 3.11 | AC48: ='(참고)단가표(DB구축)'!V11 -> 197811 | AI48: =ROUNDDOWN(X48*AC48,0) -> 615192
A49: 2. 경비
A50: 가. 상각비 | T50: 일 | X50: ='9-2.초정밀3D구축(드론LiDAR)_설계제원'!K97+'9-2.초정밀3D구축(드론LiDAR)_설계제원'!K98 -> 2.08 | BC50: ='9-2.초정밀3D구축(드론LiDAR)_설계제원'!K68 -> 0 | BI50: =X50*BC50 -> 0
A51: 나. 정비비 | T51: 일 | X51: =X50 -> 2.08 | BC51: ='9-2.초정밀3D구축(드론LiDAR)_설계제원'!K70 -> 0 | BI51: =X51*BC51 -> 0
A68: 계 | AI68: =SUM(AI45:AO67) -> 694890 | AV68: =SUM(AV45:BB67) -> 0 | BI68: =SUM(BI45:BO67) -> 0
A69: 일 위 대 가 표
B73: 항목번호 | H73: : | I73: 제 3 호표
B74: 공종 | H74: : | I74: 정사영상제작(드론라이다 정합) | AI74: 노 무 비 | AS74: 재 료 비 | BC74: 경 비 | BM74: 합 계
B75: 단위 | H75: : | I75: 1식 | AI75: =AI102 -> 559703 | AS75: =AV102 -> 0 | BC75: =BI102 -> 0 | BM75: =SUM(AI75:BJ75) -> 559703
A77: 종 별 | P77: 규 격 | T77: 단위 | X77: 수 량 | AC77: 노 무 비 | AP77: 재 료 비 | BC77: 경 비 | BP77: 비 고
AC78: 단 가 | AI78: 금 액 | AP78: 단 가 | AV78: 금 액 | BC78: 단 가 | BI78: 금 액
A79: 1. 노무비
A80: 가. 고급기술자 | T80: 인 | X80: ='9-2.초정밀3D구축(드론LiDAR)_설계제원'!K97 -> 2.08 | AC80: ='(참고)단가표(DB구축)'!V9 -> 269088 | AI80: =ROUNDDOWN(X80*AC80,0) -> 559703
A81: 나. 중급기술자 | T81: 인 | X81: ='9-2.초정밀3D구축(드론LiDAR)_설계제원'!K98 -> 0 | AC81: ='(참고)단가표(DB구축)'!V10 -> 234406 | AI81: =ROUNDDOWN(X81*AC81,0) -> 0
A82: 2. 경비
A83: 가. 상각비 | T83: 일 | X83: ='9-2.초정밀3D구축(드론LiDAR)_설계제원'!K97+'9-2.초정밀3D구축(드론LiDAR)_설계제원'!K98 -> 2.08 | BC83: ='9-2.초정밀3D구축(드론LiDAR)_설계제원'!K100 -> 0 | BI83: =X83*BC83 -> 0
A84: 나. 정비비 | T84: 일 | X84: =X83 -> 2.08 | BC84: ='9-2.초정밀3D구축(드론LiDAR)_설계제원'!K102 -> 0 | BI84: =X84*BC84 -> 0
A102: 계 | AI102: =SUM(AI79:AO101) -> 559703 | AV102: =SUM(AV79:BB101) -> 0 | BI102: =SUM(BI79:BO101) -> 0
A103: 일 위 대 가 표
B107: 항목번호 | H107: : | I107: 제 4 호표
B108: 공종 | H108: : | I108: 무인비행장치 측량_품질관리 및 정리점검 | AI108: 노 무 비 | AS108: 재 료 비 | BC108: 경 비 | BM108: 합 계
B109: 단위 | H109: : | I109: 1식 | AI109: =AI136 -> 429801 | AS109: =AV136 -> 0 | BC109: =BI136 -> 0 | BM109: =SUM(AI109:BJ109) -> 429801
A111: 종 별 | P111: 규 격 | T111: 단위 | X111: 수 량 | AC111: 노 무 비 | AP111: 재 료 비 | BC111: 경 비 | BP111: 비 고
AC112: 단 가 | AI112: 금 액 | AP112: 단 가 | AV112: 금 액 | BC112: 단 가 | BI112: 금 액
A113: 1. 노무비
A114: 가. 특급기술자 | T114: 인 | X114: ='9-2.초정밀3D구축(드론LiDAR)_설계제원'!K133 -> 0.8 | AC114: ='(참고)단가표(DB구축)'!V8 -> 302847 | AI114: =ROUNDDOWN(X114*AC114,0) -> 242277
A115: 나. 중급기술자 | T115: 인 | X115: ='9-2.초정밀3D구축(드론LiDAR)_설계제원'!K134 -> 0.8 | AC115: ='(참고)단가표(DB구축)'!V10 -> 234406 | AI115: =ROUNDDOWN(X115*AC115,0) -> 187524
A136: 계 | AI136: =SUM(AI113:AO135) -> 429801 | AV136: =SUM(AV113:BB135) -> 0 | BI136: =SUM(BI113:BO135) -> 0

Sheet 9-2.초정밀3D구축(드론LiDAR)_설계제원
A1: 설 계 제 원
A4: 구 분 | K4: 내용 | Q4: 제1호표 「Ⅰ.무인비행장치 측량 _ 작업계획 수립」 산출내역 | BO4: 비 고 | BX4: 작업량 : | CE4: 1
A7: ▶ 표준품셈 | R7: ◎ 건설공사 표준품셈 적용 <9-6-10. 무인비행장치 측량> 1. 작업계획 수립
R8: 세부작업 | AA8: 기준 단위 | AD8: 인원수 | BK8: 비고
AD9: 기술자 | AP9: 기능사 | BE9: 기타
AD10: 특급 | AG10: 고급 | AJ10: 중급 | AM10: 초급 | AP10: 초급 (측량) | AS10: 고급 (도화) | AV10: 중급 (도화) | AY10: 초급 (도화) | BB10: 중급 (지도) | BE10: 정보 처리 기사 | BH10: 인부
R12: 가. 작업계획 및 준비 | AA12: 0.25 | AG12: 1 | AM12: - | AP12: - | AS12: - | AV12: - | AY12: - | BB12: - | BE12: - | BH12: - | BK12: (내업)
R14: 나. 현지답사 | AA14: 0.25 | AD14: - | AG14: 0.5 | AJ14: 0.5 | AM14: - | AP14: - | AS14: - | AV14: - | AY14: - | BB14: - | BE14: - | BH14: -
A17: ▶ 지형에 따른 계수 | R17: 지형구분 | AA17: 밀집시가지 | AG17: 시가지 | AM17: 평지 | AS17: 산지 | AY17: 산악지 | BE17: 비고
K18: =AM18 -> 1 | R18: 1. 작업계획 수립(공통) | AA18: 1.3 | AG18: 1.2 | AM18: 1 | AS18: 1.1 | AY18: 1.3 | BE18: ※ 2급 수준측량
A20: ▶ GSD에 따른 계수 | R20: GSD | AA20: 3㎝ | AP20: 5㎝ | BE20: 비고
K21: =AA21 -> 1.07 | R21: 1. 작업계획 수립(공통) | AA21: 1.07 | AP21: 1
A23: ▶ 면적에 따른 계수 | R23: 면적 | AA23: 0.25 | AG23: 0.5 | AM23: 1 | AS23: 2 | AY23: 4 | BE23: 4㎢ 초과 시 | BX23: 면적 | CD23: 현지답사 | CJ23: 증가량 | CP23: 추정 증가량
A24: 가. 작업계획 및 준비 | K24: =ROUNDUP(CE4/4,0) -> 1 | R24: 가. 작업계획 및 준비 | AA24: 1 | BE24: 1 | BX24: 0.25 | CD24: 1
A25: 나. 현지답사 | K25: =IF($CE$4>=5,($CE$4-4)*BE25+AY25,IF($CE$4>=4,AY25,IF($CE$4>=3,AS25+BE25,IF($CE$4>=2,AS25,IF($CE$4>=1,AM25,IF($CE$4>=0.5,AG25,AA25)))))) -> 1.5 | R25: 나. 현지답사 | AA25: 1 | AG25: 1.26 | AM25: 1.5 | AS25: 3.62 | AY25: 6.67 | BE25: 1.5 | BO25: =IF($CL$4="","","2구간") | BX25: 0.5 | CD25: 1.26 | CJ25: =CD25-CD24 -> 0.26
BX26: 1 | CD26: 2.12 | CJ26: =CD26-CD25 -> 0.86
A27: ▶ 투입인원 산정 | BX27: 2 | CD27: 3.62 | CJ27: =CD27-CD26 -> 1.5 | CP27: =CJ27 -> 1.5
A28: 특급기술자 | K28: =AI28 -> 0 | R28: ∴ | S28: =SUM(AD12:AF15) -> 0 | V28: × | W28: =K18 -> 1 | Z28: × | AA28: =K21 -> 1.07 | AD28: × | AE28: =K24 -> 1 | AH28: = | AI28: =ROUNDDOWN((S28*W28*AA28*AE28),2) -> 0 | BX28: 3 | CP28: =CJ29/2 -> 1.525
A29: 고급기술자 | K29: =BD29 -> 1.87 | R29: ∴ | T29: ( | U29: =AG12 -> 1 | X29: × | Y29: =K18 -> 1 | AB29: × | AC29: =K21 -> 1.07 | AF29: × | AG29: =K24 -> 1 | AJ29: ) | AK29: + | AL29: ( | AM29: =AG14 -> 0.5 | AP29: × | AQ29: =K18 -> 1 | AT29: × | AU29: =K21 -> 1.07 | AX29: × | AY29: =K25 -> 1.5 | BB29: ) | BC29: = | BD29: =ROUNDDOWN(((U29*Y29*AC29*AG29)+(AM29*AQ29*AU29*AY29)),2) -> 1.87 | BX29: 4 | CD29: 6.67 | CJ29: =CD29-CD27 -> 3.05 | CP29: =CP28 -> 1.525
A30: 중급기술자 | K30: =BD30 -> 0.8 | R30: ∴ | T30: ( | U30: =AJ12 -> 0 | X30: × | Y30: =K18 -> 1 | AB30: × | AC30: =K21 -> 1.07 | AF30: × | AG30: =K24 -> 1 | AJ30: ) | AK30: + | AL30: ( | AM30: =AJ14 -> 0.5 | AP30: × | AQ30: =K18 -> 1 | AT30: × | AU30: =K21 -> 1.07 | AX30: × | AY30: =K25 -> 1.5 | BB30: ) | BC30: = | BD30: =ROUNDDOWN(((U30*Y30*AC30*AG30)+(AM30*AQ30*AU30*AY30)),2) -> 0.8
A35: 설 계 제 원
A38: 구 분 | K38: 내용 | Q38: 제2호표 「Ⅰ.무인비행장치 측량 _ 무인항공사진 촬영」 산출내역 | BO38: 비 고
A41: ▶ 표준품셈 | R41: ◎ 건설공사 표준품셈 적용 <9-6-10. 무인비행장치 측량> 3. 무인항공사진촬영(드론라이다 성과 취득)
R42: 세부작업 | AA42: 기준 단위 | AD42: 인원수 | BK42: 비고
AD43: 기술자 | AP43: 기능사 | BE43: 기타
AD44: 특급 | AG44: 고급 | AJ44: 중급 | AM44: 초급 | AP44: 초급 (측량) | AS44: 고급 (도화) | AV44: 중급 (도화) | AY44: 초급 (도화) | BB44: 중급 (지도) | BE44: 정보 처리 기사 | BH44: 인부
R46: 가. 촬영 준비 | AA46: 0.25 | AD46: - | AG46: - | AJ46: - | AM46: 1.13 | AP46: - | AS46: - | AV46: - | AY46: - | BB46: - | BE46: - | BH46: - | BK46: (내업)
R48: 나. 촬영 | AA48: 0.25 | AD48: - | AG48: - | AJ48: 0.19 | AM48: 0.19 | AP48: - | AS48: - | AV48: - | AY48: - | BB48: - | BE48: - | BH48: -
R50: 다. 촬영영상 점검 및 결과 정리 | AA50: 0.25 | AD50: - | AG50: - | AJ50: - | AM50: 0.2 | AP50: - | AS50: - | AV50: - | AY50: - | BB50: - | BE50: - | BH50: -
AD51: - | AG51: - | AJ51: - | AM51: 0.2 | AP51: - | AS51: - | AV51: - | AY51: - | BB51: - | BE51: - | BH51: -
R52: ※ 측량용 무인비행장치를 이용하여 기준면적 0.25㎢의 평지에 대한 정사영상 제작 등을 기준으로 함.
A54: ▶ 지형에 따른 계수 | R54: 지형구분 | AA54: 밀집시가지 | AG54: 시가지 | AM54: 평지 | AS54: 산지 | AY54: 산악지 | BE54: 비고 | BX54: 면적 | CD54: 항공사진촬영 | CJ54: 증가량 | CP54: 추정 증가량
K55: =AY55 -> 1.3 | R55: 3. 항공사진촬영(공통) | AA55: 1.3 | AG55: 1.2 | AM55: 1 | AS55: 1.1 | AY55: 1.3 | BE55: ※ 2급 수준측량 적용 | BX55: 0.25 | CD55: =AA61 -> 1
BX56: 0.5 | CD56: =AG61 -> 1.19 | CJ56: =CD56-CD55 -> 0.19
A57: ▶ GSD에 따른 계수 | R57: GSD | AA57: 3㎝ | AP57: 5㎝ | BE57: 비고 | BX57: 1 | CD57: =AM61 -> 1.3 | CJ57: =CD57-CD56 -> 0.11
K58: =AA58 -> 1.07 | R58: 3. 항공사진촬영(공통) | AA58: 1.07 | AP58: 1 | BX58: 2 | CD58: =AS61 -> 2.47 | CJ58: =CD58-CD57 -> 1.17 | CP58: =CJ58 -> 1.17
BX59: 3 | CP59: =CJ60/2 -> 0.845
A60: ▶ 면적에 따른 계수 | R60: 면적 | AA60: 0.25 | AG60: 0.5 | AM60: 1 | AS60: 2 | AY60: 4 | BE60: 4㎢ 초과 시 | BX60: 4 | CD60: =AY61 -> 4.16 | CJ60: =CD60-CD58 -> 1.69 | CP60: =CP59 -> 0.845
K61: =IF($CE$4>=5,($CE$4-4)*BE61+AY61,IF($CE$4>=4,AY61,IF($CE$4>=3,AS61+BE61,IF($CE$4>=2,AS61,IF($CE$4>=1,AM61,IF($CE$4>=0.5,AG61,AA61)))))) -> 1.3 | R61: 3. 항공사진촬영(공통) | AA61: 1 | AG61: 1.19 | AM61: 1.3 | AS61: 2.47 | AY61: 4.16 | BE61: 0.8 | BO61: =IF($CL$4="","","2구간")
A63: ▶ 투입인원 산정
A64: 고급기술자 | K64: =AW64 -> 0 | R64: ∴ | S64: ( | T64: 0 | W64: + | X64: 0 | AA64: + | AB64: 0 | AE64: + | AF64: 0 | AI64: ) | AJ64: × | AK64: =K55 -> 1.3 | AN64: × | AO64: =K58 -> 1.07 | AR64: × | AS64: =K61 -> 1.3 | AV64: = | AW64: =ROUNDDOWN((T64+X64+AB64+AF64)*AK64*AO64*AS64,2) -> 0
A65: 중급기술자 | K65: =AO65 -> 0.34 | R65: ∴ | S65: ( | T65: 0 | W65: + | X65: =AJ48 -> 0.19 | AA65: ) | AB65: × | AC65: =K55 -> 1.3 | AF65: × | AG65: =K58 -> 1.07 | AJ65: × | AK65: =K61 -> 1.3 | AN65: = | AO65: =ROUNDDOWN((T65+X65)*AC65*AG65*AK65,2) -> 0.34
A66: 초급기술자 | K66: =AW66 -> 3.11 | R66: ∴ | S66: ( | T66: =AM46 -> 1.13 | W66: + | X66: =AM48 -> 0.19 | AA66: + | AB66: =AM50 -> 0.2 | AE66: + | AF66: =AM51 -> 0.2 | AI66: ) | AJ66: × | AK66: =K55 -> 1.3 | AN66: × | AO66: =K58 -> 1.07 | AR66: × | AS66: =K61 -> 1.3 | AV66: = | AW66: =ROUNDDOWN((T66+X66+AB66+AF66)*AK66*AO66*AS66,2) -> 3.11
A68: ▶ 가동일당 상각비 | K68: 0 | R68: ∴ | S68: ( | T68: 48340909 | AE68: - | AF68: =ROUNDDOWN(T68*0.1,0) -> 4834090 | AQ68: ) | AR68: ÷ | AS68: =152*3 -> 456 | BC68: = | BD68: =ROUNDDOWN((T68-AF68)/AS68,0) -> 95409
A70: ▶ 가동일당 정비비 | K70: 0 | R70: ∴ | S70: =T68 -> 48340909 | AD70: ÷ | AE70: 152 | AO70: × | AP70: 0.1 | AT70: = | AU70: =ROUNDDOWN(S70/AE70*AP70,0) -> 31803
A72: 설 계 제 원
A75: 구 분 | K75: 내용 | Q75: 제3호표 「Ⅰ.무인비행장치 측량 _ 정사영상제작」 산출내역 | BO75: 비 고
A78: ▶ 표준품셈 | R78: ◎ 건설공사 표준품셈 적용 <9-6-10. 무인비행장치 측량> 5. 정사영상제작(드론라이다 정합)
R79: 세부작업 | AA79: 기준 단위 | AD79: 인원수 | BK79: 비고
AD80: 기술자 | AP80: 기능사 | BE80: 기타
AD81: 특급 | AG81: 고급 | AJ81: 중급 | AM81: 초급 | AP81: 초급 (측량) | AS81: 고급 (도화) | AV81: 중급 (도화) | AY81: 초급 (도화) | BB81: 중급 (지도) | BE81: 정보 처리 기사 | BH81: 인부
R83: 가.수치표면자료 및 정사영상 제작 | AA83: 0.25 | AD83: - | AG83: 1.3 | AJ83: - | AM83: - | AP83: - | AS83: - | AV83: - | AY83: - | BB83: - | BE83: - | BH83: - | BK83: (내업)
R85: ※ 측량용 무인비행장치를 이용하여 기준면적 0.25㎢의 평지에 대한 정사영상 제작 등을 기준으로 함.
A87: ▶ 지형에 따른 계수 | R87: 지형구분 | AA87: 밀집시가지 | AG87: 시가지 | AM87: 평지 | AS87: 산지 | AY87: 산악지 | BE87: 비고 | BX87: 면적 | CD87: 정사영상제작 | CJ87: 증가량 | CP87: 추정 증가량
K88: =AM88 -> 1 | R88: 5. 정사영상제작 | AA88: 1.3 | AG88: 1.2 | AM88: 1 | AS88: 1.1 | AY88: 1.3 | BX88: 0.25 | CD88: =AA94 -> 1
BX89: 0.5 | CD89: =AG94 -> 1.26 | CJ89: =CD89-CD88 -> 0.26
A90: ▶ GSD에 따른 계수 | R90: GSD | AA90: 3㎝ | AP90: 5㎝ | BE90: 비고 | BX90: 1 | CD90: =AM94 -> 1.5 | CJ90: =CD90-CD89 -> 0.24
K91: =AA91 -> 1.07 | R91: 5. 정사영상제작 | AA91: 1.07 | AP91: 1 | BX91: 2 | CD91: =AS94 -> 3.62 | CJ91: =CD91-CD90 -> 2.12 | CP91: =CJ91 -> 2.12
BX92: 3 | CP92: =CJ93/2 -> 1.525
A93: ▶ 면적에 따른 계수 | R93: 면적 | AA93: 0.25 | AG93: 0.5 | AM93: 1 | AS93: 2 | AY93: 4 | BE93: 4㎢ 초과 시 | BX93: 4 | CD93: =AY94 -> 6.67 | CJ93: =CD93-CD91 -> 3.05 | CP93: =CP92 -> 1.525
K94: =IF($CE$4>=5,($CE$4-4)*BE94+AY94,IF($CE$4>=4,AY94,IF($CE$4>=3,AS94+BE94,IF($CE$4>=2,AS94,IF($CE$4>=1,AM94,IF($CE$4>=0.5,AG94,AA94)))))) -> 1.5 | R94: 5. 정사영상제작 | AA94: 1 | AG94: 1.26 | AM94: 1.5 | AS94: 3.62 | AY94: 6.67 | BE94: 1.5 | BO94: =IF($CL$4="","","2구간")
A96: ▶ 투입인원 산정
A97: 고급기술자 | K97: =AI97 -> 2.08 | R97: ∴ | S97: =AG83 -> 1.3 | V97: × | W97: =K88 -> 1 | Z97: × | AA97: =K91 -> 1.07 | AD97: × | AE97: =K94 -> 1.5 | AH97: = | AI97: =ROUNDDOWN(S97*W97*AA97*AE97,2) -> 2.08
A98: 중급기술자 | K98: =AI98 -> 0 | R98: ∴ | S98: 0 | V98: × | W98: =K88 -> 1 | Z98: × | AA98: =K91 -> 1.07 | AD98: × | AE98: =K94 -> 1.5 | AH98: = | AI98: =ROUNDDOWN(S98*W98*AA98*AE98,2) -> 0
A100: ▶ 가동일당 상각비 | R100: ∴ | S100: ( | T100: 9554999 | AE100: - | AF100: =ROUNDDOWN(T100*0.1,0) -> 955499 | AQ100: ) | AR100: ÷ | AS100: =278*5 -> 1390 | BC100: = | BD100: =ROUNDDOWN((T100-AF100)/AS100,0) -> 6186
A102: ▶ 가동일당 정비비 | R102: ∴ | S102: =T100 -> 9554999 | AD102: ÷ | AE102: 365 | AO102: × | AP102: 0.1 | AT102: = | AU102: =ROUNDDOWN(S102/AE102*AP102,0) -> 2617
A106: 설 계 제 원
A109: 구 분 | K109: 내용 | Q109: 제4호표 「Ⅰ.무인비행장치 측량 _ 품질관리 및 정리점검」 산출내역 | BO109: 비 고
A112: ▶ 표준품셈 | R112: ◎ 건설공사 표준품셈 적용 <9-6-10. 무인비행장치 측량> 7. 품질관리 및 정리점검
R113: 세부작업 | AA113: 기준 단위 | AD113: 인원수 | BK113: 비고
AD114: 기술자 | AP114: 기능사 | BE114: 기타
AD115: 특급 | AG115: 고급 | AJ115: 중급 | AM115: 초급 | AP115: 초급 (측량) | AS115: 고급 (도화) | AV115: 중급 (도화) | AY115: 초급 (도화) | BB115: 중급 (지도) | BE115: 정보 처리 기사 | BH115: 인부
R117: 가. 품질관리 | AA117: 0.25 | AD117: 0.5 | AG117: - | AJ117: - | AM117: - | AP117: - | AS117: - | AV117: - | AY117: - | BB117: - | BE117: - | BH117: - | BK117: (내업)
R119: 나. 정리 점검 | AA119: 0.25 | AD119: - | AG119: - | AJ119: 0.5 | AM119: - | AP119: - | AS119: - | AV119: - | AY119: - | BB119: - | BE119: - | BH119: -
R121: ※ 측량용 무인비행장치를 이용하여 기준면적 0.25㎢의 평지에 대한 정사영상 제작 등을 기준으로 함.
A123: ▶ 지형에 따른 계수 | R123: 지형구분 | AA123: 밀집시가지 | AG123: 시가지 | AM123: 평지 | AS123: 산지 | AY123: 산악지 | BE123: 비고 | BX123: 면적 | CD123: 품질관리 | CJ123: 증가량 | CP123: 추정 증가량
K124: =AM124 -> 1 | R124: 7. 품질관리 및 정리점검 | AA124: 1.3 | AG124: 1.2 | AM124: 1 | AS124: 1.1 | AY124: 1.3 | BE124: ※ 2급 수준측량 적용 | BX124: 0.25 | CD124: =AA130 -> 1
BX125: 0.5 | CD125: =AG130 -> 1.26 | CJ125: =CD125-CD124 -> 0.26
A126: ▶ GSD에 따른 계수 | R126: GSD | AA126: 3㎝ | AP126: 5㎝ | BE126: 비고 | BX126: 1 | CD126: =AM130 -> 1.5 | CJ126: =CD126-CD125 -> 0.24
K127: =AA127 -> 1.07 | R127: 7. 품질관리 및 정리점검 | AA127: 1.07 | AP127: 1 | BX127: 2 | CD127: =AS130 -> 3.62 | CJ127: =CD127-CD126 -> 2.12 | CP127: =CJ127 -> 2.12
BX128: 3 | CP128: =CJ129/2 -> 1.525
A129: ▶ 면적에 따른 계수 | R129: 면적 | AA129: 0.25 | AG129: 0.5 | AM129: 1 | AS129: 2 | AY129: 4 | BE129: 4㎢ 초과 시 | BX129: 4 | CD129: =AY130 -> 6.67 | CJ129: =CD129-CD127 -> 3.05 | CP129: =CP128 -> 1.525
K130: =IF($CE$4>=5,($CE$4-4)*BE130+AY130,IF($CE$4>=4,AY130,IF($CE$4>=3,AS130+BE130,IF($CE$4>=2,AS130,IF($CE$4>=1,AM130,IF($CE$4>=0.5,AG130,AA130)))))) -> 1.5 | R130: 7. 품질관리 및 정리점검 | AA130: 1 | AG130: 1.26 | AM130: 1.5 | AS130: 3.62 | AY130: 6.67 | BE130: 1.5 | BO130: =IF($CL$4="","","2구간")
R131: ※ 4㎢ 초과 시 1㎢ 당 0.25% 증가 _ 임의적용
A132: ▶ 투입인원 산정
A133: 특급기술자 | K133: =AI133 -> 0.8 | R133: ∴ | S133: =AD117 -> 0.5 | V133: × | W133: =K124 -> 1 | Z133: × | AA133: =K127 -> 1.07 | AD133: × | AE133: =K130 -> 1.5 | AH133: = | AI133: =ROUNDDOWN(S133*W133*AA133*AE133,2) -> 0.8
A134: 중급기술자 | K134: =AI134 -> 0.8 | R134: ∴ | S134: =AJ119 -> 0.5 | V134: × | W134: =K124 -> 1 | Z134: × | AA134: =K127 -> 1.07 | AD134: × | AE134: =K130 -> 1.5 | AH134: = | AI134: =ROUNDDOWN(S134*W134*AA134*AE134,2) -> 0.8

Sheet 10.전산자원도입(통합발주)
A1: 6. 전산자원 도입
A3: 가) 소프트웨어 구매
A5: □ 통합발주
G6: (단위:원 / 부가가치세 포함)
A7: 구분 | B7: 품명 | C7: 규격 | F7: 수량 | G7: 금액 | H7: 용도(위치)
A8: 주소정제 솔루션 | B8: ECAM_PRO | C8: o 주소 정형화 기능 o 주소 정제 및 보완 기능 o 주소 표준화 기능 o 구주소(지번주소) 새주소(도로명주소) 변환 기능 o 새주소(도로명주소) 구주소(지번주소) 변환 기능 o 새우편번호(5자리) 생성 기능 o 좌표데이터 생성 기능 - WGS84 - 도로명/지번주소 좌표 - 주소정제솔루션 데이터에 추가하여 적용 o 솔루션 설치 및 구축 지원 o 최신 Linux OS 지원 | F8: 2 | G8: 74000000 | H8: 구주소 및 새주소 정제/표준화 * 실시간 1 Server License
A10: 합계 (부가가치세 포함) | G10: =SUM(G8:G9) -> 74000000

Sheet (참조)보정계수
B1: - "OOO 사업" 소프트웨어 개발비 산정 - FP방식(간이법)
B3: ○ 규모 보정계수
B4: 구분 | D4: 산정방법
B5: SW규모 | D5: = 0.4057 x (log e(기능점수) - 7.1978)^2 + 0.8878 (단, 500FP 미만 1.28, 3,000FP 초과 1.153 적용)
B7: ○ 애플리케이션 복잡도 보정계수
B8: 구분 | D8: 복잡도 및 난이도 수준 | I8: 보정계수
B9: 연계복잡성 | D9: 1. 타 기관 연계 없음 | I9: 0.88
D10: 2. 1~2개의 타 기관 연계 | I10: 0.94
D11: 3. 3~5개의 타 기관 연계 | I11: 1
D12: 4. 6~10개의 타 기관 연계 | I12: 1.06
D13: 5. 10개 초과의 타 기관 연계 | I13: 1.12
B14: 성능 요구수준 | D14: 1. 응답성능에 대한 특별한 요구사항이 없다. | I14: 0.91
D15: 2. 응답성능에 대한 요구사항이 있으나 특별한 조치가 필요하지는 않다. | I15: 0.95
D16: 3. 응답시간이나 처리율이 피크타임(peak time)에 중요하며, 처리 시한이 명시되어 있다. | I16: 1
D17: 4. 응답시간이나 처리율이 모든 업무시간에 중요하며, 처리 시한이 명시되어 있다. | I17: 1.05
D18: 5. 응답성능 요구수준이 엄격하여, 설계, 개발 또는 구현 단계에서 성능 분석도구 사용이 필요하다. | I18: 1.09
B19: 운영환경 호환성 | D19: 1. 운영환경 호환성에 대한 요구사항이 없다. | I19: 0.94
D20: 2. 운영환경 호환성에 대한 요구사항이 있으며, 동일 하드웨어 및 소프트웨어 환경에서 운영되도록 설계된다. | I20: 1
D21: 3. 운영환경 호환성에 대한 요구사항이 있으며, 유사 하드웨어 및 소프트웨어 환경에서 운영되도록 설계된다. | I21: 1.06
D22: 4. 운영환경 호환성에 대한 요구사항이 있으며, 이질적인 하드웨어 및 소프트웨어 환경에서 운영되도록 설계된다. | I22: 1.13
D23: 5. 항목 4에 더하여 일반적 산출물 이외에 장소에서 원활한 운영을 보장하기 위한 운영 절차의 문서화와 사전 모의훈련이 요구된다. | I23: 1.19
B24: 보안성 요구수준 | D24: 1. 암호화, 웹취약점 점검, 시큐어코딩, 개인정보보호 등 1가지 보안 요구사항이 포함되어 있다. | I24: 0.97
D25: 2. 2가지 요구사항이 포함되어 있다. | I25: 1
D26: 3. 3가지 요구사항이 포함되어 있다. | I26: 1.03
D27: 4. 4가지 항목이 모두 포함되어 있다. | I27: 1.06
D28: 5. 5가지 이상의 보안 요구사항이 포함되어 있다. | I28: 1.08

Sheet (참고)2025년SW평균임금
B2: 2025년 적용 SW기술자 평균임금 공표
B4: 통계법 제27조(통계의 공표)에 따라 『2024년 SW기술자 임금실태조사 (통계승인 제375001호)』의 결과로 다음과 같이 SW기술자 평균임금을 공표합니다.
B6: 【SW기술자 평균임금】
F7: (단위: 원)
B8: 구 분 | C8: 월평균임금(M/M) | D8: 일평균임금 (M/D) | E8: 시간평균임금(M/H) | F8: 포함직무
B9: ① IT기획자 | C9: 11597656 | D9: 562993 | E9: 70374
B10: ② IT컨설턴트 | C10: 9706020 | D10: 471166 | E10: 58896 | F10: 정보보호컨설턴트
B11: ③ 업무분석가 | C11: 8997359 | D11: 436765 | E11: 54596
B12: ④ 데이터분석가 | C12: 7751183 | D12: 376271 | E12: 47034
B13: ⑤ IT PM | C13: 9145473 | D13: 443955 | E13: 55494
B14: ⑥ IT아키텍트 | C14: 10147745 | D14: 492609 | E14: 61576 | F14: SW아키텍트, 데이터아키텍트, Infrastructure아키텍트, 데이터베이스아키텍트
B15: ⑦ UI/UX기획/개발자 | C15: 6727260 | D15: 326566 | E15: 40821 | F15: UI/UX기획자, UI/UX개발자
B16: ⑧ UI/UX디자이너 | C16: 5176203 | D16: 251272 | E16: 31409
B17: ⑨ 응용SW개발자 | C17: 6943457 | D17: 337061 | E17: 42133 | F17: 빅데이터개발자, 인공지능개발자
B18: ⑩ 시스템SW개발자 | C18: 6099042 | D18: 296070 | E18: 37009 | F18: 임베디드SW개발자
B19: ⑪ 정보시스템운용자 | C19: 10154626 | D19: 492943 | E19: 61618 | F19: 데이터베이스운용자, NW엔지니어, IT시스템운용자
B20: ⑫ IT지원기술자 | C20: 5058021 | D20: 245535 | E20: 30692
B21: ⑬ IT마케터 | C21: 11056617 | D21: 536729 | E21: 67091 | F21: SW제품기획자, IT서비스기획자, IT기술영업
B22: ⑭ IT품질관리자 | C22: 9692094 | D22: 470490 | E22: 58811
B23: ⑮ IT테스터 | C23: 3570557 | D23: 173328 | E23: 21666
B24: ⑯ IT감리 | C24: 10351376 | D24: 502494 | E24: 62812
B25: ⑰ 정보보안전문가 | C25: 9857100 | D25: 478500 | E25: 59813 | F25: 정보보호관리자, 침해사고대응전문가
B27: <본 평균임금을 SW사업대가 활용시 유의사항> ※ 본 조사결과는 SW사업에서 SW기술자 인건비 평균 값임을 고려하여 활용 가능하며, 수·발주자간 자율적 협의에 의해서도 유연하게 적용할 수 있음 * SW기술자 평균임금은 소프트웨어진흥법 제46조(적정 대가 지급 등) 4항 ‘소프트웨어기술자의 인건비 기준’을 지칭함 * SW기술자 평균임금은 기본급, 제수당, 상여금, 퇴직급여충당금, 법인부담금(4대보험)을 모두 포함한 결과임 * 일평균임금은 월평균임금÷`24년 평균근무일수(20.6일), 시간평균임금은 일평균임금÷8시간 으로 각각 산정함 * 월평균 근무일수는 휴일, 법정공휴일 등을 제외한 업체가 응답한 근무일의 평균이며, 이는 개인의 휴가 사용 여부와는 무관함 * SW기술자 평균임금은 전년 대비 4.2% 증가함 * 25/75 백분위수는 조사된 직무별 임금의 구간, 분포에 대한 참고 값임(백분위수 : 백분위수는 크기가 있는 값들로 이뤄진 자료를 순서대로 나열했을 때 백분율로 나타낸 특정 위치의 값을 이르는 용어이다. 일반적으로 크기가 작은 것부터 나열하여 가장 작은 것을 0, 가장 큰 것을 100으로 한다.)
B29: [시행일] 2025년 1월 1일부터 2025년 12월 31일까지 적용
A31: 2024년 12월 3일
A32: 한국소프트웨어산업협회장

Sheet (참고)ITSQF 직무체계 및 정의
A1: ITSQF 직무체계 및 정의
A3: 번호 | B3: 직종 | C3: 조사용 직무 | D3: ITSQF 직무 | E3: 직무 정의 | F3: 유관직업 예시
A4: 1 | B4: IT컨설팅 및 기획 | C4: IT기획자 | D4: 정보기술기획 | E4: 조직의 경영목표를 달성하기 위하여 IT전략을 기획하고, 거버넌스, 투자성과분석, 운영 정책, R&D, 프로세스, 아키텍처 등 분야 별 전략을 수립하는 일이다. | F4: IT기획, IT 인프라기획, IT전략
A5: 2 | C5: IT컨설턴트 | D5: 정보기술컨설팅 | E5: 조직의 목표를 달성하는데 도움이 될 수 있도록, 객관적인 시각에서 조직 경영 환경을 이해하고 대상 업무 및 정보시스템을 분석하여 개선 방안을 지도, 자문 및 상담을 수행하는 일이다. | F5: IT컨설턴트, IS컨설턴트
D6: 정보보호컨설팅 | E6: 주요 정보자산을 보호하기 위한 관리적, 물리적, 기술적 영역의 보안 요구사항과 사전 정의된 프로세스에 대해 객관적인 충족여부를 검증하고 자문하는 일이다. | F6: 정보보호컨설턴트, 보안 컨설팅, 정보보호컨설팅 컨설턴트
A7: 3 | C7: 업무분석가 | D7: 업무분석 | E7: 조직의 비전과 목표, 구조, 정책 등의 이해를 바탕으로 업무 요구사항을 도출하고 분석1)하여, 목적에 부합하는 대응전략 수립하는 일이다. | F7: 업무분석가, 비즈니스분석가
E9: *타 직무에서 수행하는 분석, 설계 업무의 혼선 방지를 위해 아래의 주석을 표시함 1)분석 : 조직 내·외부의 경영 환경에 영향을 주는 고객과 경쟁기업, 산업동향, 내부 역량을 분석하는 능력
A11: 4 | C11: 데이터분석가 | D11: 데이터분석 | E11: 데이터 이해 및 처리 기술에 대한 기본지식을 바탕으로 데이터 분석 기획, 데이터 분석, 데이터 시각화 업무를 수행하고 이를 통해 프로세스 혁신 및 마케팅 전략 결정 등의 과학적 의사결정을 지원하는 일이다. | F11: 데이터 기획자, 데이터최고책임자(CDO), Search Developer, Data Scientist(과학자), 데이터 분석 전문가, Data Analysis, 데이터 사이언스, 데이터 분석가, 데이터분석/컨설팅, 금융 데이터 분석, 데이터 분석 및 가공, 빅데이터 처리-분석
A12: 5 | B12: IT프로젝트관리 | C12: IT PM | D12: IT프로젝트관리 | E12: IT프로젝트 인도물의 납기 준수를 위하여 프로젝트를 기획하고, 범위, 일정, 원가, 인적자원, 품질, 위험, 의사소통, 조달, 변경, 보안, 정보시스템 성과 등을 통합 관리하는 일이다. | F12: IT PM, Agile Coach, 프로젝트 관리, PL, PM(Project Manager)
A13: 6 | B13: IT아키텍처 | C13: IT아키텍트 | D13: SW아키텍처 | E13: SW의 기능, 성능, 보안 등의 품질을 보장하고 SW를 구성하는 요소와 관계를 분석, 설계하여 전체적인 SW 구조를 체계화하는 일이다. | F13: SW 아키텍트, 솔루션 아키텍트, 웹 아키텍트, 어플리케이션 아키텍트
D14: Infrastructure | E14: 하드웨어, 미들웨어, 네트워크, 클라우드를 포함하는 인프라를 설계, 구성하여 모든 지원들의 적합성 및 신뢰성 있는 서비스를 제공할 수 있도록 체계화하는 일이다. | F14: Infrastructure아키텍트, 네트워크 아키텍트, 시스템 아키텍트, 테크니컬 아키텍트, 클라우드 시스템 엔지니어, 퍼블릭 클라우드 아키텍트
D15: 데이터아키텍처 | E15: 데이터를 구조적 관점에서 설계, 생성, 배치, 관리하며, 다양한 데이터 엔터티뿐만 아니라 해당 데이터를 처리하는 애플리케이션에 의해 데이터가 저장, 소비, 통합 및 관리될 수 있도록 체계화하는 일이다. | F15: 데이터 아키텍트, 데이터 모델러, 데이터베이스 설계자, 데이터베이스 아키텍트, 데이터 설계자, DW설계자, 빅데이터아키텍트, 데이터 기술자, 데이터 전략 수립 담당자
A16: 7 | B16: SW개발 | C16: UI/UX 기획/개발 | D16: UI/UX기획 | E16: 서비스의 본질적 특성에 대한 이해를 기반으로 트렌드 분석, 사용자 이용 행태 분석 등을 통해 이해관계자 및 사용자의 요구를 발굴하고 사용성을 극대화 할 수 있는 UI/UX를 설계 및 검증하여 서비스의 목적과 용도에 맞게 최적화 된 UI를 제공하는 일이다. | F16: UI/UX 기획자, UI/UX분석가, 웹기획자, App 기획자, 모바일 앱서비스 기획자
D17: UI/UX개발 | E17: 사용자의 이용형태 및 기술환경을 분석하여, 사용자 인터페이스(UI/UX)의 기획 및 아키텍처를 구축하고, 프로토타입 검증, 설계 및 구현 과정을 통해 효과적인 UI/UX를 개발하는 일이다. | F17: UI/UX 개발자, 웹퍼블리셔, 퍼블리셔&프론트 개발자, Web&Mobile 퍼블리싱, 홈페이지 웹 퍼블리싱
A18: 8 | C18: UI/UX 디자인 | D18: UI/UX디자인 | E18: UI/UX 디자인의 매체별 트렌드, 사용자 경험 분석을 통해 디자인 전략 및 콘셉트를 도출하고 UI 디자인 요소를 다양한 기법을 활용해 시각화하여 사용자 요구를 검증하고 매체별 최적화된 디자인과 사용성을 제공하는 일이다. | F18: UI/UX 디자이너, 웹디자이너, 그래픽디자이너, 웹콘텐츠 디자이너, UI/UX 설계
A19: 9 | C19: 응용SW개발자 | D19: 응용SW개발 | E19: 컴퓨터 프로그래밍 언어로 응용소프트웨어의 분석1), 설계2), 구현 및 테스트, 배포 등을 통해 제품의 기능을 개발하고 개선하는 일이다. | F19: 응용SW 분석가, 응용SW 설계자, 모바일 개발자, 모바일 앱 개발자, 어플리케이션 개발자, 웹 개발자, 빅데이터 개발자, 인공지능 SW개발자, 하둡기반 빅데이터 분석 시스템 개발, 프론트엔드 개발, 프레임워크/미들웨어/응용 SW개발, 파이썬 웹 서버 개발자, 파이썬 기반 데이터 처리, 클라이언트 프로그래머, 클라이언트 개발, 클라우드 서비스 플랫폼 개발, 정보시스템 개발/운영, 전산시스템 개발, 인공지능 엔지니어, 윈도우 어플리케이션 개발, 웹사이트 유지보수/개발, 웹사이트 서비스 개발, 웹 프론트 개발, 웹 프로그램 유지보수 및 개발, 웹 백엔드 개발, 영상통화 서버 개발, 에너지 데이터 분석 및 개발, 안드로이드 개발자, 솔루션개발 및 구축, 솔루션 엔지니어, 솔루션 개발(웹 개발), 솔루션 개발(서버 개발), 소프트웨어 공학 엔지니어, 서비스 Server 개발, 사업화연계연구개발자, 빅데이터 플랫폼 및 JAVA 개발, 블록체인 기반 서비스개발, 뱅킹 서비스 개발 및 운영, 백엔드 테크니컬 프로그래머, 백엔드 웹 개발, 백엔드 시스템 개발, 백엔드 개발자, 모빌리티 플랫폼 개발, 모바일 프론트 엔드 개발, 모바일 채널 서비스 개발 및 운영, 머신러닝 엔지니어, 메시징 솔루션 개발, 딥러닝/컴퓨터 비전 개발, 딥러닝 응용 어플리케이션 개발, 딥러닝 연구 개발, 딥러닝 네트워크 모델 및 자체 프레임워크 개발, 데브옵스 개발, 금융IT 서비스 개발 및 운영, 검색 서비스 개발, Web Developer, VR/AR 개발, VB 개발자, VAN서비스개발, SW 개발 및 배포, Software Developer, SM 운영 유지보수, SDK 개발자, SAP ERP 구축/운영, Salesforce 개발, RPA 개발, REACT 개발, PYTHON 개발, PHP 웹 개발자, PHP 백엔드 개발자, PHP 및 JAVA 개발, LMS웹사이트 개발(ASP, ASP.net), Javascript Developer, JAVA/JSP 개발, JAVA 웹프로그래머, JAVA 웹개발자, IoT 플랫폼 개발, JAVA 서버/프런트 개발, JAVA 서버/웹 개발, JAVA 개발자, JAVA 개발 및 유지보수, JAVA WEB/Mobile 개발자, Java jsp 프론트엔드/백엔드 개발, IOS앱 개발, IOS, Android 개발, iOS Developer, Front-End 개발자, Front-end Developer, Framework 개발, ERP시스템 개발, ERP 개발 및 유지보수, DW Data Engineer, DevOps 개발, Developer, Deep Learning R&D Engineer, Data Platform Engineer, CRM 솔루션 개발, Cloud 개발, C#/ASP.NET/MVC/JAVA 개발, C# 개발자, Backend Developer, APP 서버개발, Android Developer, AI기반 개인화 추천 시스템 개발 AI 솔루션 연구개발, AI 딥러닝, 머신러닝 개발, AI 기획 및 개발, AI SW/Dataset 개발, AI Platform Engineer, .NET, C3, ASP.NET 개발
E21: *타 직무에서 수행하는 분석, 설계 업무의 혼선 방지를 위해 아래의 주석을 표시함 1)분석 : 구현하고자 하는 애플리케이션의 요구사항을 도출, 분석, 명세화 및 요구사항 검증을 수행하는 능력 2)설계 : 요구사항 확인을 통한 상세분석 결과, SW아키텍쳐 가이드라인 및 SW 아키텍처 산출물에 의거하여 이에 따른 애플리케이션 구현을 수행하기 위해 공통 모듈 설계, 타 시스템 연동에 대하여 상세 설계하는 능력
A22: 10 | B22: SW개발 | C22: 시스템SW개발자 | D22: 시스템SW개발 | E22: 운영체제 환경에서 시스템 자원을 제어 및 관리하는 소프트웨어와 응용프로그램의 동작을 위한 시스템 플랫폼의 요구사항 분석 및 설계, 구현, 배포를 수행하는 일이다. | F22: 시스템SW개발자, 시스템SW분석가, 시스템SW설계자, OS개발자, 시스템 프로그래머
D23: 임베디드SW개발 | E23: 하드웨어 플랫폼에 대한 이해를 바탕으로 플랫폼별 운영체제 이식과 펌웨어, 디바이스 드라이버, 애플리케이션 등의 SW를 개발하고, 하드웨어 플랫폼 최적화를 수행하는 일이다. | F23: 임베디드SW개발자, 임베디드SW분석가, 임베디드SW설계자, 펌웨어 개발자, 임베디드 시스템 개발, HW & 펌웨어 개발, STM32/PIC계열 등 관련 MCU개발, 인버터 펌웨어 개발, 시스템 제어 사양 개발, SW 개발(Device Driver), Embedded OS기반 응용 SW개발, SoC 플랫폼 개발
A24: 11 | B24: 시스템 구축 | C24: 정보시스템 운용자 | D24: 데이터베이스관리 | E24: 데이터에 대한 요구사항으로부터 데이터베이스를 설계, 구축, 전환하고, 최적의 성능과 품질을 확보하도록 추이분석 등을 통하여 데이터베이스를 수정, 개선, 백업하는 등의 업무를 수행하는 일이다. | F24: 데이터베이스 운용자, MSSQL DBA, DBA, 클라우드/DB 관리자, 데이터 엔지니어
D25: NW엔지니어링 | E25: 네트워크 환경을 분석하고 네트워크에 대한 토폴로지, 자원관리, 품질 관리를 설계하고 구성하는 일이다. | F25: NW 엔지니어, NW 구축, NW시스템분석가, NW시스템설계자, NW시스템개발자
D26: IT시스템관리 | E26: 시스템 요구사항을 분석하고 클라우드와 가상화, 시스템과 네트워크 및 스토리지 자원의 HW, SW 서비스 플랫폼을 구축, 운영, 관리하여 안정적 컴퓨팅 인프라 및 정보시스템의 운용을 담당하는 일이다. | F26: IT시스템 운용자, NW운용자, 서버운용자, 웹마스터, 웹 운용자, 정보보안관제원, IS운용자, 빅데이터엔지니어, 서버/스토리지/시스템 운영 SA, 미들웨어 운영 SA, 가상화 서버 운영 SA, 시스템 관제 운영, 시스템 엔지니어, 전산시스템 운영 및 개발, Linux/Windows 시스템운영, 퍼블릭 클라우드 인프라 운영, 클라우드 보안 운영, 빅데이터 플랫폼 엔지니어, VDI 구축/운영, Linux 구축/운영, 인프라담당자, System Engineering Specialist, 시스템 운영 모니터링, 인프라 운영, 미들웨어 운영, 네트워크 운영, 보안관제, 서버/스토리지 Infrastructure 관리, 네트워크 관리, Cloud 시스템 구축/운영, IT-네트워크 운영, 리눅스 엔지니어, 플랫폼 운영, IDC 운영/관리, 서버 엔지니어, 리눅스 구축 및 기술개발, IT 인프라 관리, 시스템 유지보수, 메일/메신저 서버 운영, 클라우드 시스템 운영, MES 시스템 운영
A27: 12 | C27: IT지원기술자 | D27: IT시스템기술지원 | E27: 정보기술 인프라에 대한 이해를 바탕으로 컴퓨터 하드웨어, 스토리지, 클라우드와 가상화, 네트워크 등 IT자원을 이용한 시스템의 구성과 장애처리를 지원하며 시스템 개선 및 정기점검 등을 통해 안정적인 컴퓨팅 인프라 운영을 지원하는 일이다. | F27: 기술지원 엔지니어, IT지원 기술자, 시스템 유지관리 지원기술자, IT헬프데스크 운용자
A28: 13 | B28: IT마케팅 | C28: IT마케터 | D28: SW제품기획 | E28: 기업의 경영전략을 바탕으로, SW 활용분야에 대한 기업 내/외부 환경, 요구 기술, 시장성 등을 분석하여 제품 전략을 수립하고, SW제품의 개발, 지원, 판매, 마케팅 계획을 수립, 운용하는 일이다. | F28: SW제품 기획자, SW솔루션 기획자, Product Designer, Product Manager, Platform 기획
D29: IT서비스기획 | E29: 정보기술 환경 분석을 통해 고객과 시장의 니즈에 맞는 IT서비스를 발굴하고, 제품 및 솔루션 융합으로 새로운 서비스를 기획하는 일이다. | F29: IT서비스 기획자, 웹서비스 기획자, 모바일서비스 기획, 온라인서비스기획, 디지털서비스 기획
D30: IT기술영업 | E30: 정보기술 지식을 바탕으로 고객 관리 및 영업 전략을 수립, 사업기회를 창출하고 요구사항에 적합한 솔루션 제안으로 협상, 계약, 판매 및 사후 관리 등 IT 영업을 수행하는 일이다. | F30: IT기술영업, IT솔루션영업, 소프트웨어 영업, 의료용 디지털 솔루션 영업, 기술영업
A31: 14 | B31: IT품질관리 | C31: IT품질관리자 | D31: IT품질관리 | E31: IT품질목표를 달성하기 위하여 전사적인 품질정책 및 관리체계를 수립하고 품질향상을 위해 교육 및 관리활동 등을 수행하며, 프로젝트 차원에서의 품질보증 활동을 수행하는 일이다. | F31: IT품질관리자, 데이터품질관리자, QA(Quality Assurance), QC(Quality Control), 품질관리(QAM), 게임QA, QA Engineer, 제품 QA, 모바일 QA, 개발 및 라이브 QA, 백엔드 QA
A32: 15 | C32: IT테스터 | D32: IT테스트 | E32: 테스트를 효과적으로 수행하기 위해 필요한 기획, 진단 컨설팅, 계획, 환경구축, 실행, 결함관리, 문서화를 수행하고 관리하는 일이다. | F32: IT테스터, SW테스터, Test Case 개발, 소프트웨어 테스트 엔지니어
A33: 16 | C33: IT감리 | D33: IT감리 | E33: 감리발주자 및 피감리원의 이해관계로부터 독립된 자가 정보시스템의 효율성을 향상시키고 안전성을 확보하기 위하여 제2자의 관점에서 정보시스템의 기획, 구축 및 운영 등에 관한 사항을 종합적으로 점검하고 문제점이 개선 되도록 시정조치사항을 도출하고 확인 하는 일이다. | F33: IT감리원, IT감리사, IS감리원
A34: 17 | B34: 정보보호 | C34: 정보보안전문가 | D34: 정보보호관리 | E34: 조직의 비전과 미션을 수행하기 위하여 정보 자산을 안정적으로 운영하는 데 필요한 보안정책울 수립하고 관련 법제도 준수, 보호관리 활동을 수행하며, 위험관리에 기반한 정보보호 대책을 도출하여 실행토록 관리하는 일이다 | F34: 정보보호 관리자, 정보보호 전문가, 보안관리, 보안기술 기획, 보안관제 기획, 보안운영, 정보보안, 정보보호
D35: 보안사고대응 | E35: 침해사고의 피해확산 방지를 위해 위협정보를 탐지하고, 시스템 복구와 예방 전략을 수립하는 일과 업무 및 서비스에 영향을 준 증거를 확보 후 분석하여 신속하게 대응하는 일이다. | F35: 침해사고 대응전문가, 디지털포렌식 전문가, 모의해킹전문가, 정보보호 진단분석원, IT security Engineer, 보안진단, CERT, 취약점/약성코드 분석

Sheet (참고)단가표(DB구축)
A1: 노 임 단 가
B4: ◎ 2024년도 측량기술자 노임단가 | AL4: ◎ 2024년도 건설업 노임단가
C6: 구 분 | V6: 노임단가 | AC6: 비 고 | AM6: 구 분 | AX6: 노임단가 | BE6: 비 고
C7: 기술계 | J7: 기 술 사 | V7: 410306 | AM7: 보통인부 | AX7: 165545 | BE7: ※ 인부에 적용
J8: 특 급 기 술 자 | V8: 302847
J9: 고 급 기 술 자 | V9: 269088 | AL9: ◎ 2024년도 SW기술자 노임단가
J10: 중 급 기 술 자 | V10: 234406
J11: 초 급 기 술 자 | V11: 197811 | AM11: 구 분 | AX11: 노임단가 | BE11: 비 고
C12: 기능계 | J12: 측 량 | Q12: 고 급 | V12: 239998 | AM12: 데이터베이스 분석가 | AX12: 253675 | BE12: ※ 정보처리기사에 적용
Q13: 중 급 | V13: 215962
Q14: 초 급 | V14: 179991
J15: 지도제작 | Q15: 고 급 | V15: 246979
Q16: 중 급 | V16: 222688
Q17: 초 급 | V17: 184640
J18: 도 화 | Q18: 고 급 | V18: 280348
Q19: 중 급 | V19: 214022
Q20: 초 급 | V20: 213140
J21: 항공사진 | Q21: 고 급 | V21: 278405
Q22: 중 급 | V22: 247220
Q23: 초 급 | V23: 216907
C24: 기타 | J24: 사 업 용 조 종 사 | V24: 291587
J25: 항 법 사 | V25: 285612
J26: 항 공 정 비 사 | V26: 265692
J27: 항공 사진 촬영사 | AC27: 고급기술자
A34: 재 료 비 단 가
I37: ∴ 국토지리정보원 2022년도 거래실례가격 조사결과 (부가세 별도)
I39: 품 명 | Y39: 규 격 | AT39: 단위 | AY39: 금 액(원) | BF39: 비 고
I40: 삼각점(표주) | Y40: 140mm*140mm*670mm | AT40: 개 | AY40: 80000
I41: 삼각점(반석) | Y41: 270mm*270mm*80mm | AT41: 개 | AY41: 40000
I42: 수준점(표석) | Y42: 1등용(170mm*170mm*760mm) | AT42: 개 | AY42: 120000
Y43: 2등용(140mm*140mm*690mm) | AT43: 개 | AY43: 80000
I44: 지자기점(표석) | Y44: 140mm*140mm*670mm | AT44: 개 | AY44: 80000
I45: 통합기준점(표주,소형) | Y45: 170mm*170mm*750mm | AT45: 개 | AY45: 150000
I46: 통합기준점(받침판,소형) | Y46: 300mm*300mm*90mm | AT46: 개 | AY46: 35000
I47: 보조수준점 | Y47: 동 판(R80mm) | AT47: 개 | AY47: 8000
I48: 안내판(표지판) | Y48: 350mm*250mm*5mm | AT48: 개 | AY48: 25000
I49: 경고문(동판) | Y49: 90mm*80mm*20mm*10mm | AT49: 개 | AY49: 9000
I50: 항공유 | Y50: AV-GAS | AT50: ℓ | AY50: 1938
I51: 항공유 | Y51: JET A-1 | AT51: ℓ | AY51: 773
I52: 항공오일 | Y52: Aeroshell15w50 | AT52: ℓ | AY52: 14000
I53: HDD(하드 디스크) | Y53: 500GB | AT53: 개 | AY53: 56000 | BF53: 2020년 단가 적용
I54: 잉크젯플로터용 잉크 | Y54: Black(HP T1200, 130ml) | AT54: 개 | AY54: 71500 | BF54: 2019년 단가 적용
Y55: Color(HP T1200, 130ml) | AT55: 개 | AY55: 71500 | BF55: 2019년 단가 적용
I56: HP전용지 | Y56: 36"*150ft | AT56: 롤 | AY56: 51340 | BF56: 2018년 단가 적용
I57: HP전용지 | Y57: 24"*150ft | AT57: 롤 | AY57: 24000 | BF57: 2018년 단가 적용
I58: CD(컴팩트 디스크) | Y58: 700MB(48X) | AT58: 개 | AY58: 330 | BF58: 2018년 단가 적용
A67: 기 계 경 비 단 가
J70: ∴ 국토지리정보원 2022년도 거래실례가격 조사결과 (부가세 별도)
J72: 품 명 | AD72: 규 격 | AU72: 금 액 | BE72: 비 고
J74: 디지털카메라 | AD74: 항공기용 | AU74: 298268600
J75: GPS/INS | AD75: 항공기용 | AU75: 192026371
J76: 수치 사진측량장비 | AD76: DPW | AU76: 27400000
J77: 벡터편집 · 입·출력S/W | AD77: 지도제작용 | AU77: 5100000
J78: 자동입력장치 | AD78: Scanner | AU78: 4800000
J79: 출력장치 | AD79: Plotter | AU79: 4100000
J80: Photo Scanner | AD80: 항공사진전용 | AU80: 12000000
J81: 영상제작소프트웨어 | AD81: 영상처리용 | AU81: 8955000
J82: 카메라 보험료 | AU82: 15735
J83: 항공기 | AD83: 항공촬영용카메라 장착가능 | AU83: 201297746
J84: Lidar | AD84: 항공기용 | AU84: 810000000
J85: 항공기보험료 | AU85: 151340
J86: 승무원 및 제2자 보험료 | AU86: 31068
J87: DEM제작소프트웨어 | AD87: DEM 제작용 | AU87: 1350000
J88: GPS | AD88: 2주파 5mm±1ppm·D 정밀도 | AU88: 46750000 | BE88: 2020년 단가 적용
J89: 레벨 | AD89: 디지털 레벨 | AU89: 11390000 | BE89: 2020년 단가 적용
J90: 컴퓨터 | AD90: 3.0GHz, 2GB(RAM), 320GB | AU90: 445454 | BE90: 2019년 단가 적용
J91: 모니터 | AD91: 23인치 | AU91: 154545 | BE91: 2019년 단가 적용
J92: 해석도화기 | AD92: 수치도화용 | AU92: 10000000 | BE92: 2018년 단가 적용
J93: 정밀도화기 | AD93: 1급 | AU93: 10815876 | BE93: 2018년 단가 적용
J94: 점이사기 | AD94: PGU4 | AU94: 1930100 | BE94: 2018년 단가 적용
J95: 수동입력장치 | AD95: Digitizer | AU95: 300000 | BE95: 2018년 단가 적용
J96: 무인비행장치촬영 | AD96: 무인비행장치+카메라 | AU96: 48340909 | BE96: 한국국토정보공사 설계기준
J97: 무인비행장치측량 S/W | AD97: PC+무인비행장치측량 S/W | AU97: 8069090 | BE97: 한국국토정보공사 설계기준
